Pacific Time,HP,Screenshot
2019-09-26 07:55:37,99.93,2019-09-26_07-55-37.jpg
2019-09-26 08:03:42,99.88,2019-09-26_08-03-42.jpg
2019-09-26 08:06:09,99.86,2019-09-26_08-06-09.jpg
2019-09-26 08:11:08,99.28,2019-09-26_08-11-08.png
2019-09-26 08:16:08,99.24,2019-09-26_08-16-08.png
2019-09-26 08:21:08,99.19,2019-09-26_08-21-08.png
2019-09-26 08:26:08,99.11,2019-09-26_08-26-08.png
2019-09-26 08:31:08,99.09,2019-09-26_08-31-08.png
2019-09-26 08:36:08,99.04,2019-09-26_08-36-08.png
2019-09-26 08:41:08,98.99,2019-09-26_08-41-08.png
2019-09-26 08:46:09,98.93,2019-09-26_08-46-09.png
2019-09-26 08:51:08,98.88,2019-09-26_08-51-08.png
2019-09-26 08:56:08,98.82,2019-09-26_08-56-08.png
2019-09-26 09:01:08,98.77,2019-09-26_09-01-08.png
2019-09-26 09:06:08,98.71,2019-09-26_09-06-08.png
2019-09-26 09:11:08,98.66,2019-09-26_09-11-08.png
2019-09-26 09:16:09,98.60,2019-09-26_09-16-09.png
2019-09-26 09:21:09,97.98,2019-09-26_09-21-09.png
2019-09-26 09:26:09,97.93,2019-09-26_09-26-09.png
2019-09-26 09:30:47,97.88,2019-09-26_09-30-47.png
2019-09-26 09:36:30,97.81,2019-09-26_09-36-30.png
2019-09-26 09:41:09,97.76,2019-09-26_09-41-09.png
2019-09-26 09:46:08,97.71,2019-09-26_09-46-08.png
2019-09-26 09:51:08,97.66,2019-09-26_09-51-08.png
2019-09-26 09:56:08,97.60,2019-09-26_09-56-08.png
2019-09-26 10:01:08,97.55,2019-09-26_10-01-08.png
2019-09-26 10:06:09,97.50,2019-09-26_10-06-09.png
2019-09-26 10:11:09,96.90,2019-09-26_10-11-09.png
2019-09-26 10:16:09,96.85,2019-09-26_10-16-09.png
2019-09-26 10:21:09,96.80,2019-09-26_10-21-09.png
2019-09-26 10:26:09,96.75,2019-09-26_10-26-09.png
2019-09-26 10:31:09,96.70,2019-09-26_10-31-09.png
2019-09-26 10:36:09,96.65,2019-09-26_10-36-09.png
2019-09-26 10:41:09,96.60,2019-09-26_10-41-09.png
2019-09-26 10:46:09,96.56,2019-09-26_10-46-09.png
2019-09-26 10:51:09,96.51,2019-09-26_10-51-09.png
2019-09-26 10:56:09,96.47,2019-09-26_10-56-09.png
2019-09-26 11:01:09,96.42,2019-09-26_11-01-09.png
2019-09-26 11:06:09,96.38,2019-09-26_11-06-09.png
2019-09-26 11:11:09,96.33,2019-09-26_11-11-09.png
2019-09-26 11:16:09,96.29,2019-09-26_11-16-09.png
2019-09-26 11:21:09,96.25,2019-09-26_11-21-09.png
2019-09-26 11:26:09,95.61,2019-09-26_11-26-09.png
2019-09-26 11:31:09,95.57,2019-09-26_11-31-09.png
2019-09-26 11:36:09,95.53,2019-09-26_11-36-09.png
2019-09-26 11:41:09,95.49,2019-09-26_11-41-09.png
2019-09-26 11:46:09,95.45,2019-09-26_11-46-09.png
2019-09-26 11:51:09,95.41,2019-09-26_11-51-09.png
2019-09-26 11:56:09,95.37,2019-09-26_11-56-09.png
2019-09-26 12:01:09,95.33,2019-09-26_12-01-09.png
2019-09-26 12:06:09,95.29,2019-09-26_12-06-09.png
2019-09-26 12:11:09,95.25,2019-09-26_12-11-09.png
2019-09-26 12:16:09,95.21,2019-09-26_12-16-09.png
2019-09-26 12:21:09,95.17,2019-09-26_12-21-09.png
2019-09-26 12:26:09,95.14,2019-09-26_12-26-09.png
2019-09-26 12:31:09,94.58,2019-09-26_12-31-09.png
2019-09-26 12:36:09,94.54,2019-09-26_12-36-09.png
2019-09-26 12:41:09,94.50,2019-09-26_12-41-09.png
2019-09-26 12:46:09,94.46,2019-09-26_12-46-09.png
2019-09-26 12:51:09,94.43,2019-09-26_12-51-09.png
2019-09-26 12:56:09,94.39,2019-09-26_12-56-09.png
2019-09-26 13:01:09,94.35,2019-09-26_13-01-09.png
2019-09-26 13:06:09,94.31,2019-09-26_13-06-09.png
2019-09-26 13:11:09,94.28,2019-09-26_13-11-09.png
2019-09-26 13:16:09,94.24,2019-09-26_13-16-09.png
2019-09-26 13:21:09,94.21,2019-09-26_13-21-09.png
2019-09-26 13:26:09,94.17,2019-09-26_13-26-09.png
2019-09-26 13:31:09,94.14,2019-09-26_13-31-09.png
2019-09-26 13:36:09,94.11,2019-09-26_13-36-09.png
2019-09-26 13:41:09,93.54,2019-09-26_13-41-09.png
2019-09-26 13:46:09,93.51,2019-09-26_13-46-09.png
2019-09-26 13:51:09,93.48,2019-09-26_13-51-09.png
2019-09-26 13:56:09,93.44,2019-09-26_13-56-09.png
2019-09-26 14:01:09,93.41,2019-09-26_14-01-09.png
2019-09-26 14:06:09,93.37,2019-09-26_14-06-09.png
2019-09-26 14:11:09,93.34,2019-09-26_14-11-09.png
2019-09-26 14:16:09,93.31,2019-09-26_14-16-09.png
2019-09-26 14:21:09,93.28,2019-09-26_14-21-09.png
2019-09-26 14:26:09,92.71,2019-09-26_14-26-09.png
2019-09-26 14:31:09,92.68,2019-09-26_14-31-09.png
2019-09-26 14:36:09,92.65,2019-09-26_14-36-09.png
2019-09-26 14:41:09,92.62,2019-09-26_14-41-09.png
2019-09-26 14:46:09,92.58,2019-09-26_14-46-09.png
2019-09-26 14:51:09,92.55,2019-09-26_14-51-09.png
2019-09-26 14:56:09,92.52,2019-09-26_14-56-09.png
2019-09-26 15:01:09,92.49,2019-09-26_15-01-09.png
2019-09-26 15:06:09,92.46,2019-09-26_15-06-09.png
2019-09-26 15:11:09,92.42,2019-09-26_15-11-09.png
2019-09-26 15:16:09,92.39,2019-09-26_15-16-09.png
2019-09-26 15:21:09,92.36,2019-09-26_15-21-09.png
2019-09-26 15:26:09,92.34,2019-09-26_15-26-09.png
2019-09-26 15:31:09,92.31,2019-09-26_15-31-09.png
2019-09-26 15:36:09,92.28,2019-09-26_15-36-09.png
2019-09-26 15:41:09,92.25,2019-09-26_15-41-09.png
2019-09-26 15:46:09,91.68,2019-09-26_15-46-09.png
2019-09-26 15:51:09,91.65,2019-09-26_15-51-09.png
2019-09-26 15:56:09,91.62,2019-09-26_15-56-09.png
2019-09-26 16:01:09,91.59,2019-09-26_16-01-09.png
2019-09-26 16:06:09,91.01,2019-09-26_16-06-09.png
2019-09-26 16:11:09,90.98,2019-09-26_16-11-09.png
2019-09-26 16:16:09,90.95,2019-09-26_16-16-09.png
2019-09-26 16:21:09,90.91,2019-09-26_16-21-09.png
2019-09-26 16:26:09,90.88,2019-09-26_16-26-09.png
2019-09-26 16:31:09,90.85,2019-09-26_16-31-09.png
2019-09-26 16:36:09,90.82,2019-09-26_16-36-09.png
2019-09-26 16:41:09,90.79,2019-09-26_16-41-09.png
2019-09-26 16:46:09,90.76,2019-09-26_16-46-09.png
2019-09-26 16:51:09,90.73,2019-09-26_16-51-09.png
2019-09-26 16:56:09,90.70,2019-09-26_16-56-09.png
2019-09-26 17:01:09,90.67,2019-09-26_17-01-09.png
2019-09-26 17:06:09,90.64,2019-09-26_17-06-09.png
2019-09-26 17:11:09,90.61,2019-09-26_17-11-09.png
2019-09-26 17:16:09,90.58,2019-09-26_17-16-09.png
2019-09-26 17:21:09,90.55,2019-09-26_17-21-09.png
2019-09-26 17:26:09,90.52,2019-09-26_17-26-09.png
2019-09-26 17:31:09,90.49,2019-09-26_17-31-09.png
2019-09-26 17:36:09,89.93,2019-09-26_17-36-09.png
2019-09-26 17:41:09,89.90,2019-09-26_17-41-09.png
2019-09-26 17:46:09,89.87,2019-09-26_17-46-09.png
2019-09-26 17:51:09,89.83,2019-09-26_17-51-09.png
2019-09-26 17:56:09,89.80,2019-09-26_17-56-09.png
2019-09-26 18:01:09,89.77,2019-09-26_18-01-09.png
2019-09-26 18:06:09,89.74,2019-09-26_18-06-09.png
2019-09-26 18:11:09,89.71,2019-09-26_18-11-09.png
2019-09-26 18:16:09,89.68,2019-09-26_18-16-09.png
2019-09-26 18:21:09,89.64,2019-09-26_18-21-09.png
2019-09-26 18:26:09,89.61,2019-09-26_18-26-09.png
2019-09-26 18:31:09,89.58,2019-09-26_18-31-09.png
2019-09-26 18:36:09,88.99,2019-09-26_18-36-09.png
2019-09-26 18:41:09,88.96,2019-09-26_18-41-09.png
2019-09-26 18:46:09,88.93,2019-09-26_18-46-09.png
2019-09-26 19:41:10,87.99,2019-09-26_19-41-10.png
2019-09-26 19:46:09,87.96,2019-09-26_19-46-09.png
2019-09-26 19:51:09,87.93,2019-09-26_19-51-09.png
2019-09-26 19:56:09,87.90,2019-09-26_19-56-09.png
2019-09-26 20:01:08,87.87,2019-09-26_20-01-08.png
2019-09-26 20:06:09,87.84,2019-09-26_20-06-09.png
2019-09-26 20:11:08,87.80,2019-09-26_20-11-08.png
2019-09-26 20:16:08,87.17,2019-09-26_20-16-08.png
2019-09-26 20:21:09,87.14,2019-09-26_20-21-09.png
2019-09-26 20:26:09,87.11,2019-09-26_20-26-09.png
2019-09-26 20:31:09,87.07,2019-09-26_20-31-09.png
2019-09-26 20:36:09,87.04,2019-09-26_20-36-09.png
2019-09-26 20:41:09,87.01,2019-09-26_20-41-09.png
2019-09-26 20:46:09,86.98,2019-09-26_20-46-09.png
2019-09-26 20:51:09,86.95,2019-09-26_20-51-09.png
2019-09-26 20:56:09,86.92,2019-09-26_20-56-09.png
2019-09-26 21:01:09,86.89,2019-09-26_21-01-09.png
2019-09-26 21:06:08,86.86,2019-09-26_21-06-08.png
2019-09-26 21:11:09,86.83,2019-09-26_21-11-09.png
2019-09-26 21:16:09,86.80,2019-09-26_21-16-09.png
2019-09-26 21:21:09,86.77,2019-09-26_21-21-09.png
2019-09-26 21:26:09,86.74,2019-09-26_21-26-09.png
2019-09-26 21:31:09,86.71,2019-09-26_21-31-09.png
2019-09-26 21:36:08,86.68,2019-09-26_21-36-08.png
2019-09-26 21:41:09,86.65,2019-09-26_21-41-09.png
2019-09-26 21:46:09,86.63,2019-09-26_21-46-09.png
2019-09-26 21:51:09,86.05,2019-09-26_21-51-09.png
2019-09-26 21:56:09,86.02,2019-09-26_21-56-09.png
2019-09-26 22:01:09,86.00,2019-09-26_22-01-09.png
2019-09-26 22:06:09,85.97,2019-09-26_22-06-09.png
2019-09-26 22:11:09,85.41,2019-09-26_22-11-09.png
2019-09-26 22:16:09,85.38,2019-09-26_22-16-09.png
2019-09-26 22:21:09,85.36,2019-09-26_22-21-09.png
2019-09-26 22:26:09,85.33,2019-09-26_22-26-09.png
2019-09-26 22:31:09,85.30,2019-09-26_22-31-09.png
2019-09-26 22:36:09,85.27,2019-09-26_22-36-09.png
2019-09-26 22:41:09,85.24,2019-09-26_22-41-09.png
2019-09-26 22:46:09,85.21,2019-09-26_22-46-09.png
2019-09-26 22:51:09,85.18,2019-09-26_22-51-09.png
2019-09-26 22:56:09,85.16,2019-09-26_22-56-09.png
2019-09-26 23:01:09,85.13,2019-09-26_23-01-09.png
2019-09-26 23:06:09,85.10,2019-09-26_23-06-09.png
2019-09-26 23:11:09,85.07,2019-09-26_23-11-09.png
2019-09-26 23:16:09,85.05,2019-09-26_23-16-09.png
2019-09-26 23:21:09,85.02,2019-09-26_23-21-09.png
2019-09-26 23:26:09,85.00,2019-09-26_23-26-09.png
2019-09-26 23:31:09,84.97,2019-09-26_23-31-09.png
2019-09-26 23:36:09,84.94,2019-09-26_23-36-09.png
2019-09-26 23:41:09,84.91,2019-09-26_23-41-09.png
2019-09-26 23:46:09,84.89,2019-09-26_23-46-09.png
2019-09-26 23:51:09,84.86,2019-09-26_23-51-09.png
2019-09-26 23:56:09,84.25,2019-09-26_23-56-09.png
2019-09-27 02:56:09,83.38,2019-09-27_02-56-09.png
2019-09-27 03:01:09,83.36,2019-09-27_03-01-09.png
2019-09-27 03:06:09,83.33,2019-09-27_03-06-09.png
2019-09-27 03:11:09,83.31,2019-09-27_03-11-09.png
2019-09-27 03:16:09,83.28,2019-09-27_03-16-09.png
2019-09-27 03:21:09,83.25,2019-09-27_03-21-09.png
2019-09-27 03:26:09,83.23,2019-09-27_03-26-09.png
2019-09-27 03:31:09,83.20,2019-09-27_03-31-09.png
2019-09-27 03:36:09,83.17,2019-09-27_03-36-09.png
2019-09-27 03:41:09,83.15,2019-09-27_03-41-09.png
2019-09-27 03:46:09,83.12,2019-09-27_03-46-09.png
2019-09-27 03:51:09,83.10,2019-09-27_03-51-09.png
2019-09-27 03:56:09,83.07,2019-09-27_03-56-09.png
2019-09-27 04:01:09,83.04,2019-09-27_04-01-09.png
2019-09-27 04:06:09,83.02,2019-09-27_04-06-09.png
2019-09-27 04:11:09,82.99,2019-09-27_04-11-09.png
2019-09-27 04:16:09,82.97,2019-09-27_04-16-09.png
2019-09-27 04:21:09,82.94,2019-09-27_04-21-09.png
2019-09-27 04:26:09,82.92,2019-09-27_04-26-09.png
2019-09-27 04:31:09,82.89,2019-09-27_04-31-09.png
2019-09-27 04:36:09,82.87,2019-09-27_04-36-09.png
2019-09-27 04:41:09,82.84,2019-09-27_04-41-09.png
2019-09-27 04:46:09,82.82,2019-09-27_04-46-09.png
2019-09-27 04:51:09,82.79,2019-09-27_04-51-09.png
2019-09-27 04:56:09,82.77,2019-09-27_04-56-09.png
2019-09-27 05:01:09,82.74,2019-09-27_05-01-09.png
2019-09-27 05:06:09,82.72,2019-09-27_05-06-09.png
2019-09-27 05:11:09,82.69,2019-09-27_05-11-09.png
2019-09-27 05:16:09,82.66,2019-09-27_05-16-09.png
2019-09-27 05:21:09,82.63,2019-09-27_05-21-09.png
2019-09-27 05:26:09,82.60,2019-09-27_05-26-09.png
2019-09-27 05:31:09,82.58,2019-09-27_05-31-09.png
2019-09-27 05:36:09,82.55,2019-09-27_05-36-09.png
2019-09-27 05:41:09,82.52,2019-09-27_05-41-09.png
2019-09-27 05:46:09,82.49,2019-09-27_05-46-09.png
2019-09-27 05:51:09,82.46,2019-09-27_05-51-09.png
2019-09-27 05:56:09,82.43,2019-09-27_05-56-09.png
2019-09-27 06:01:09,82.40,2019-09-27_06-01-09.png
2019-09-27 06:06:09,82.37,2019-09-27_06-06-09.png
2019-09-27 06:11:09,82.34,2019-09-27_06-11-09.png
2019-09-27 06:16:09,82.30,2019-09-27_06-16-09.png
2019-09-27 06:21:09,82.27,2019-09-27_06-21-09.png
2019-09-27 06:26:09,82.24,2019-09-27_06-26-09.png
2019-09-27 06:31:09,82.21,2019-09-27_06-31-09.png
2019-09-27 06:36:09,82.17,2019-09-27_06-36-09.png
2019-09-27 06:41:09,82.14,2019-09-27_06-41-09.png
2019-09-27 06:46:09,82.11,2019-09-27_06-46-09.png
2019-09-27 06:51:09,82.08,2019-09-27_06-51-09.png
2019-09-27 06:56:09,82.05,2019-09-27_06-56-09.png
2019-09-27 07:01:09,82.02,2019-09-27_07-01-09.png
2019-09-27 07:06:09,81.98,2019-09-27_07-06-09.png
2019-09-27 07:11:09,81.95,2019-09-27_07-11-09.png
2019-09-27 07:16:09,81.91,2019-09-27_07-16-09.png
2019-09-27 07:21:09,81.88,2019-09-27_07-21-09.png
2019-09-27 07:26:09,81.33,2019-09-27_07-26-09.png
2019-09-27 07:31:09,81.29,2019-09-27_07-31-09.png
2019-09-27 07:36:09,81.26,2019-09-27_07-36-09.png
2019-09-27 07:41:09,81.22,2019-09-27_07-41-09.png
2019-09-27 07:46:09,81.19,2019-09-27_07-46-09.png
2019-09-27 07:51:09,81.16,2019-09-27_07-51-09.png
2019-09-27 07:56:09,81.12,2019-09-27_07-56-09.png
2019-09-27 08:01:09,81.09,2019-09-27_08-01-09.png
2019-09-27 08:06:09,81.05,2019-09-27_08-06-09.png
2019-09-27 08:11:09,81.02,2019-09-27_08-11-09.png
2019-09-27 08:16:09,80.98,2019-09-27_08-16-09.png
2019-09-27 08:21:09,80.94,2019-09-27_08-21-09.png
2019-09-27 08:26:09,80.91,2019-09-27_08-26-09.png
2019-09-27 08:31:09,80.87,2019-09-27_08-31-09.png
2019-09-27 08:41:09,80.80,2019-09-27_08-41-09.png
2019-09-27 08:46:09,80.17,2019-09-27_08-46-09.png
2019-09-27 08:51:09,80.14,2019-09-27_08-51-09.png
2019-09-27 08:56:09,80.10,2019-09-27_08-56-09.png
2019-09-27 09:01:09,80.07,2019-09-27_09-01-09.png
2019-09-27 09:06:13,80.03,2019-09-27_09-06-13.png
2019-09-27 09:11:09,80.00,2019-09-27_09-11-09.png
2019-09-27 09:16:09,79.97,2019-09-27_09-16-09.png
2019-09-27 09:21:09,79.93,2019-09-27_09-21-09.png
2019-09-27 09:26:09,79.89,2019-09-27_09-26-09.png
2019-09-27 09:31:09,79.86,2019-09-27_09-31-09.png
2019-09-27 09:46:09,79.76,2019-09-27_09-46-09.png
2019-09-27 09:51:09,79.72,2019-09-27_09-51-09.png
2019-09-27 09:56:09,79.69,2019-09-27_09-56-09.png
2019-09-27 10:01:09,79.09,2019-09-27_10-01-09.png
2019-09-27 10:06:09,79.05,2019-09-27_10-06-09.png
2019-09-27 10:11:09,79.02,2019-09-27_10-11-09.png
2019-09-27 10:16:09,78.99,2019-09-27_10-16-09.png
2019-09-27 10:21:09,78.96,2019-09-27_10-21-09.png
2019-09-27 10:26:09,78.92,2019-09-27_10-26-09.png
2019-09-27 10:31:09,78.89,2019-09-27_10-31-09.png
2019-09-27 10:36:09,78.86,2019-09-27_10-36-09.png
2019-09-27 10:41:09,78.82,2019-09-27_10-41-09.png
2019-09-27 10:46:09,78.25,2019-09-27_10-46-09.png
2019-09-27 10:51:09,78.22,2019-09-27_10-51-09.png
2019-09-27 10:56:09,78.18,2019-09-27_10-56-09.png
2019-09-27 11:01:09,78.15,2019-09-27_11-01-09.png
2019-09-27 11:06:09,78.12,2019-09-27_11-06-09.png
2019-09-27 11:11:09,78.09,2019-09-27_11-11-09.png
2019-09-27 11:16:09,78.05,2019-09-27_11-16-09.png
2019-09-27 11:21:09,78.02,2019-09-27_11-21-09.png
2019-09-27 11:26:09,77.99,2019-09-27_11-26-09.png
2019-09-27 11:31:09,77.96,2019-09-27_11-31-09.png
2019-09-27 11:41:09,77.30,2019-09-27_11-41-09.png
2019-09-27 11:46:09,77.27,2019-09-27_11-46-09.png
2019-09-27 11:51:09,77.24,2019-09-27_11-51-09.png
2019-09-27 11:56:09,77.21,2019-09-27_11-56-09.png
2019-09-27 12:01:09,77.18,2019-09-27_12-01-09.png
2019-09-27 12:06:09,77.15,2019-09-27_12-06-09.png
2019-09-27 12:11:09,76.55,2019-09-27_12-11-09.png
2019-09-27 12:16:09,76.52,2019-09-27_12-16-09.png
2019-09-27 12:21:09,76.49,2019-09-27_12-21-09.png
2019-09-27 12:26:09,76.46,2019-09-27_12-26-09.png
2019-09-27 12:31:09,76.43,2019-09-27_12-31-09.png
2019-09-27 12:36:09,76.40,2019-09-27_12-36-09.png
2019-09-27 12:41:09,76.37,2019-09-27_12-41-09.png
2019-09-27 12:46:09,76.34,2019-09-27_12-46-09.png
2019-09-27 12:51:09,76.31,2019-09-27_12-51-09.png
2019-09-27 12:56:08,76.28,2019-09-27_12-56-08.png
2019-09-27 13:01:08,76.25,2019-09-27_13-01-08.png
2019-09-27 13:06:08,76.22,2019-09-27_13-06-08.png
2019-09-27 13:11:08,76.20,2019-09-27_13-11-08.png
2019-09-27 13:16:08,76.17,2019-09-27_13-16-08.png
2019-09-27 13:21:08,75.54,2019-09-27_13-21-08.png
2019-09-27 13:26:08,75.51,2019-09-27_13-26-08.png
2019-09-27 13:31:08,75.48,2019-09-27_13-31-08.png
2019-09-27 13:36:08,75.46,2019-09-27_13-36-08.png
2019-09-27 13:41:08,75.43,2019-09-27_13-41-08.png
2019-09-27 13:46:08,75.40,2019-09-27_13-46-08.png
2019-09-27 13:51:08,75.38,2019-09-27_13-51-08.png
2019-09-27 13:56:08,75.35,2019-09-27_13-56-08.png
2019-09-27 14:01:08,75.32,2019-09-27_14-01-08.png
2019-09-27 14:06:08,75.30,2019-09-27_14-06-08.png
2019-09-27 14:11:08,75.27,2019-09-27_14-11-08.png
2019-09-27 14:16:08,75.24,2019-09-27_14-16-08.png
2019-09-27 14:26:08,74.62,2019-09-27_14-26-08.png
2019-09-27 14:31:08,74.60,2019-09-27_14-31-08.png
2019-09-27 14:36:08,74.57,2019-09-27_14-36-08.png
2019-09-27 14:41:08,74.54,2019-09-27_14-41-08.png
2019-09-27 14:46:08,74.52,2019-09-27_14-46-08.png
2019-09-27 14:51:08,74.49,2019-09-27_14-51-08.png
2019-09-27 15:01:25,74.43,2019-09-27_15-01-25.png
2019-09-27 15:06:08,74.41,2019-09-27_15-06-08.png
2019-09-27 15:11:08,74.38,2019-09-27_15-11-08.png
2019-09-27 15:16:08,74.36,2019-09-27_15-16-08.png
2019-09-27 15:21:08,74.33,2019-09-27_15-21-08.png
2019-09-27 15:26:08,74.30,2019-09-27_15-26-08.png
2019-09-27 15:31:08,74.28,2019-09-27_15-31-08.png
2019-09-27 15:36:08,73.69,2019-09-27_15-36-08.png
2019-09-27 15:41:08,73.66,2019-09-27_15-41-08.png
2019-09-27 15:46:08,73.64,2019-09-27_15-46-08.png
2019-09-27 15:51:08,73.61,2019-09-27_15-51-08.png
2019-09-27 15:56:08,73.58,2019-09-27_15-56-08.png
2019-09-27 16:01:08,73.55,2019-09-27_16-01-08.png
2019-09-27 16:06:08,73.53,2019-09-27_16-06-08.png
2019-09-27 16:11:08,73.50,2019-09-27_16-11-08.png
2019-09-27 16:16:08,73.48,2019-09-27_16-16-08.png
2019-09-27 16:21:08,73.45,2019-09-27_16-21-08.png
2019-09-27 16:26:08,73.42,2019-09-27_16-26-08.png
2019-09-27 16:31:08,73.40,2019-09-27_16-31-08.png
2019-09-27 16:36:08,73.37,2019-09-27_16-36-08.png
2019-09-27 16:41:08,73.34,2019-09-27_16-41-08.png
2019-09-27 16:46:08,73.32,2019-09-27_16-46-08.png
2019-09-27 16:51:08,73.29,2019-09-27_16-51-08.png
2019-09-27 16:56:09,72.73,2019-09-27_16-56-09.png
2019-09-27 17:01:09,72.70,2019-09-27_17-01-09.png
2019-09-27 17:06:08,72.68,2019-09-27_17-06-08.png
2019-09-27 17:11:08,72.65,2019-09-27_17-11-08.png
2019-09-27 17:16:08,72.63,2019-09-27_17-16-08.png
2019-09-27 17:21:08,72.05,2019-09-27_17-21-08.png
2019-09-27 17:26:08,72.03,2019-09-27_17-26-08.png
2019-09-27 17:31:08,72.00,2019-09-27_17-31-08.png
2019-09-27 17:36:08,71.97,2019-09-27_17-36-08.png
2019-09-27 17:41:08,71.95,2019-09-27_17-41-08.png
2019-09-27 17:46:09,71.92,2019-09-27_17-46-09.png
2019-09-27 17:51:08,71.89,2019-09-27_17-51-08.png
2019-09-27 17:56:08,71.87,2019-09-27_17-56-08.png
2019-09-27 18:01:08,71.84,2019-09-27_18-01-08.png
2019-09-27 18:06:08,71.81,2019-09-27_18-06-08.png
2019-09-27 18:11:08,71.79,2019-09-27_18-11-08.png
2019-09-27 18:16:09,71.77,2019-09-27_18-16-09.png
2019-09-27 18:21:09,71.19,2019-09-27_18-21-09.png
2019-09-27 18:26:08,71.17,2019-09-27_18-26-08.png
2019-09-27 18:31:08,71.14,2019-09-27_18-31-08.png
2019-09-27 18:36:08,71.11,2019-09-27_18-36-08.png
2019-09-27 18:41:08,71.08,2019-09-27_18-41-08.png
2019-09-27 18:46:08,71.05,2019-09-27_18-46-08.png
2019-09-27 18:51:08,71.03,2019-09-27_18-51-08.png
2019-09-27 18:56:08,71.00,2019-09-27_18-56-08.png
2019-09-27 19:01:09,70.97,2019-09-27_19-01-09.png
2019-09-27 19:06:09,70.94,2019-09-27_19-06-09.png
2019-09-27 19:11:08,70.91,2019-09-27_19-11-08.png
2019-09-27 19:16:09,70.89,2019-09-27_19-16-09.png
2019-09-27 19:21:09,70.86,2019-09-27_19-21-09.png
2019-09-27 19:22:30,70.85,2019-09-27_19-22-30.png
2019-09-27 19:26:08,70.83,2019-09-27_19-26-08.png
2019-09-27 19:31:08,70.29,2019-09-27_19-31-08.png
2019-09-27 19:36:08,70.26,2019-09-27_19-36-08.png
2019-09-27 19:41:08,70.24,2019-09-27_19-41-08.png
2019-09-27 19:46:08,70.21,2019-09-27_19-46-08.png
2019-09-27 19:51:08,70.18,2019-09-27_19-51-08.png
2019-09-27 19:56:08,70.15,2019-09-27_19-56-08.png
2019-09-27 20:01:08,70.13,2019-09-27_20-01-08.png
2019-09-27 20:06:08,70.10,2019-09-27_20-06-08.png
2019-09-27 20:11:08,70.07,2019-09-27_20-11-08.png
2019-09-27 20:16:08,70.04,2019-09-27_20-16-08.png
2019-09-27 20:21:08,70.01,2019-09-27_20-21-08.png
2019-09-27 20:26:09,69.98,2019-09-27_20-26-09.png
2019-09-27 20:31:09,69.95,2019-09-27_20-31-09.png
2019-09-27 20:36:08,69.93,2019-09-27_20-36-08.png
2019-09-27 20:41:08,69.90,2019-09-27_20-41-08.png
2019-09-27 20:46:08,69.87,2019-09-27_20-46-08.png
2019-09-27 20:51:09,69.85,2019-09-27_20-51-09.png
2019-09-27 20:56:09,69.30,2019-09-27_20-56-09.png
2019-09-27 21:01:09,69.27,2019-09-27_21-01-09.png
2019-09-27 21:06:09,69.24,2019-09-27_21-06-09.png
2019-09-27 21:11:08,69.22,2019-09-27_21-11-08.png
2019-09-27 21:16:08,69.19,2019-09-27_21-16-08.png
2019-09-27 21:21:09,69.16,2019-09-27_21-21-09.png
2019-09-27 21:26:09,69.13,2019-09-27_21-26-09.png
2019-09-27 21:31:08,69.11,2019-09-27_21-31-08.png
2019-09-27 21:36:09,69.08,2019-09-27_21-36-09.png
2019-09-27 21:41:08,69.05,2019-09-27_21-41-08.png
2019-09-27 21:46:09,69.03,2019-09-27_21-46-09.png
2019-09-27 21:51:09,68.42,2019-09-27_21-51-09.png
2019-09-27 21:56:09,68.40,2019-09-27_21-56-09.png
2019-09-27 22:01:09,68.37,2019-09-27_22-01-09.png
2019-09-27 22:06:09,68.34,2019-09-27_22-06-09.png
2019-09-27 22:11:09,68.32,2019-09-27_22-11-09.png
2019-09-27 22:16:09,68.29,2019-09-27_22-16-09.png
2019-09-27 22:21:09,68.27,2019-09-27_22-21-09.png
2019-09-27 22:26:09,68.24,2019-09-27_22-26-09.png
2019-09-27 22:31:09,68.22,2019-09-27_22-31-09.png
2019-09-27 22:36:09,68.19,2019-09-27_22-36-09.png
2019-09-27 22:41:09,68.17,2019-09-27_22-41-09.png
2019-09-27 22:46:09,68.14,2019-09-27_22-46-09.png
2019-09-27 22:51:09,68.12,2019-09-27_22-51-09.png
2019-09-27 22:56:09,67.51,2019-09-27_22-56-09.png
2019-09-27 23:01:09,67.49,2019-09-27_23-01-09.png
2019-09-27 23:06:09,67.47,2019-09-27_23-06-09.png
2019-09-27 23:11:09,67.44,2019-09-27_23-11-09.png
2019-09-27 23:16:09,66.85,2019-09-27_23-16-09.png
2019-09-27 23:21:09,66.83,2019-09-27_23-21-09.png
2019-09-27 23:26:09,66.80,2019-09-27_23-26-09.png
2019-09-27 23:31:09,66.78,2019-09-27_23-31-09.png
2019-09-27 23:36:09,66.75,2019-09-27_23-36-09.png
2019-09-27 23:41:09,66.73,2019-09-27_23-41-09.png
2019-09-27 23:46:09,66.70,2019-09-27_23-46-09.png
2019-09-27 23:51:09,66.68,2019-09-27_23-51-09.png
2019-09-27 23:56:09,66.66,2019-09-27_23-56-09.png
2019-09-28 01:51:09,66.08,2019-09-28_01-51-09.png
2019-09-28 01:56:09,66.06,2019-09-28_01-56-09.png
2019-09-28 02:01:09,66.03,2019-09-28_02-01-09.png
2019-09-28 02:06:09,66.00,2019-09-28_02-06-09.png
2019-09-28 02:11:09,65.97,2019-09-28_02-11-09.png
2019-09-28 02:16:09,65.95,2019-09-28_02-16-09.png
2019-09-28 02:21:09,65.92,2019-09-28_02-21-09.png
2019-09-28 02:26:09,65.89,2019-09-28_02-26-09.png
2019-09-28 02:31:09,65.87,2019-09-28_02-31-09.png
2019-09-28 02:36:09,65.84,2019-09-28_02-36-09.png
2019-09-28 02:41:09,65.82,2019-09-28_02-41-09.png
2019-09-28 02:46:09,65.79,2019-09-28_02-46-09.png
2019-09-28 02:51:09,65.76,2019-09-28_02-51-09.png
2019-09-28 02:56:09,65.74,2019-09-28_02-56-09.png
2019-09-28 03:01:09,65.71,2019-09-28_03-01-09.png
2019-09-28 03:06:09,65.69,2019-09-28_03-06-09.png
2019-09-28 03:11:09,65.66,2019-09-28_03-11-09.png
2019-09-28 03:16:09,65.64,2019-09-28_03-16-09.png
2019-09-28 03:21:09,65.61,2019-09-28_03-21-09.png
2019-09-28 03:26:09,65.58,2019-09-28_03-26-09.png
2019-09-28 03:31:09,65.55,2019-09-28_03-31-09.png
2019-09-28 03:36:09,65.53,2019-09-28_03-36-09.png
2019-09-28 03:41:09,65.50,2019-09-28_03-41-09.png
2019-09-28 03:46:09,65.48,2019-09-28_03-46-09.png
2019-09-28 03:51:09,65.45,2019-09-28_03-51-09.png
2019-09-28 03:56:09,65.42,2019-09-28_03-56-09.png
2019-09-28 04:01:09,65.40,2019-09-28_04-01-09.png
2019-09-28 04:06:09,65.37,2019-09-28_04-06-09.png
2019-09-28 04:11:09,65.34,2019-09-28_04-11-09.png
2019-09-28 04:16:09,65.32,2019-09-28_04-16-09.png
2019-09-28 04:21:09,65.30,2019-09-28_04-21-09.png
2019-09-28 04:26:09,65.27,2019-09-28_04-26-09.png
2019-09-28 04:31:09,65.25,2019-09-28_04-31-09.png
2019-09-28 04:41:10,65.20,2019-09-28_04-41-10.png
2019-09-28 04:46:09,65.17,2019-09-28_04-46-09.png
2019-09-28 04:51:09,65.15,2019-09-28_04-51-09.png
2019-09-28 04:56:09,65.13,2019-09-28_04-56-09.png
2019-09-28 05:01:09,65.10,2019-09-28_05-01-09.png
2019-09-28 05:06:09,65.08,2019-09-28_05-06-09.png
2019-09-28 05:11:09,65.06,2019-09-28_05-11-09.png
2019-09-28 05:16:09,65.03,2019-09-28_05-16-09.png
2019-09-28 05:21:09,65.01,2019-09-28_05-21-09.png
2019-09-28 05:26:09,64.99,2019-09-28_05-26-09.png
2019-09-28 05:31:09,64.96,2019-09-28_05-31-09.png
2019-09-28 05:36:09,64.93,2019-09-28_05-36-09.png
2019-09-28 05:41:09,64.91,2019-09-28_05-41-09.png
2019-09-28 05:46:09,64.88,2019-09-28_05-46-09.png
2019-09-28 05:51:09,64.85,2019-09-28_05-51-09.png
2019-09-28 05:56:09,64.83,2019-09-28_05-56-09.png
2019-09-28 06:01:09,64.80,2019-09-28_06-01-09.png
2019-09-28 06:06:09,64.77,2019-09-28_06-06-09.png
2019-09-28 06:11:09,64.74,2019-09-28_06-11-09.png
2019-09-28 06:16:09,64.72,2019-09-28_06-16-09.png
2019-09-28 06:21:09,64.69,2019-09-28_06-21-09.png
2019-09-28 06:26:09,64.66,2019-09-28_06-26-09.png
2019-09-28 06:31:09,64.63,2019-09-28_06-31-09.png
2019-09-28 06:36:09,64.60,2019-09-28_06-36-09.png
2019-09-28 06:41:09,64.57,2019-09-28_06-41-09.png
2019-09-28 06:46:09,64.55,2019-09-28_06-46-09.png
2019-09-28 06:51:09,64.52,2019-09-28_06-51-09.png
2019-09-28 06:56:09,64.49,2019-09-28_06-56-09.png
2019-09-28 07:01:08,64.46,2019-09-28_07-01-08.png
2019-09-28 07:06:08,64.43,2019-09-28_07-06-08.png
2019-09-28 07:11:08,64.40,2019-09-28_07-11-08.png
2019-09-28 07:16:08,64.37,2019-09-28_07-16-08.png
2019-09-28 07:21:08,64.35,2019-09-28_07-21-08.png
2019-09-28 07:26:08,64.32,2019-09-28_07-26-08.png
2019-09-28 07:31:08,64.29,2019-09-28_07-31-08.png
2019-09-28 07:36:09,64.26,2019-09-28_07-36-09.png
2019-09-28 07:41:09,64.23,2019-09-28_07-41-09.png
2019-09-28 07:46:09,64.20,2019-09-28_07-46-09.png
2019-09-28 07:51:09,64.17,2019-09-28_07-51-09.png
2019-09-28 07:56:09,63.60,2019-09-28_07-56-09.png
2019-09-28 08:01:09,63.57,2019-09-28_08-01-09.png
2019-09-28 08:06:09,63.54,2019-09-28_08-06-09.png
2019-09-28 08:11:09,63.51,2019-09-28_08-11-09.png
2019-09-28 08:16:09,63.48,2019-09-28_08-16-09.png
2019-09-28 08:21:09,63.45,2019-09-28_08-21-09.png
2019-09-28 08:26:09,63.41,2019-09-28_08-26-09.png
2019-09-28 08:31:09,63.38,2019-09-28_08-31-09.png
2019-09-28 08:36:09,63.35,2019-09-28_08-36-09.png
2019-09-28 08:41:09,63.32,2019-09-28_08-41-09.png
2019-09-28 08:46:09,63.28,2019-09-28_08-46-09.png
2019-09-28 08:51:09,63.25,2019-09-28_08-51-09.png
2019-09-28 08:56:09,62.71,2019-09-28_08-56-09.png
2019-09-28 09:01:09,62.68,2019-09-28_09-01-09.png
2019-09-28 09:06:09,62.65,2019-09-28_09-06-09.png
2019-09-28 09:11:09,62.62,2019-09-28_09-11-09.png
2019-09-28 09:16:09,62.59,2019-09-28_09-16-09.png
2019-09-28 09:21:09,62.56,2019-09-28_09-21-09.png
2019-09-28 09:26:09,62.53,2019-09-28_09-26-09.png
2019-09-28 09:31:09,62.50,2019-09-28_09-31-09.png
2019-09-28 09:36:09,61.94,2019-09-28_09-36-09.png
2019-09-28 09:41:09,61.91,2019-09-28_09-41-09.png
2019-09-28 09:46:09,61.87,2019-09-28_09-46-09.png
2019-09-28 09:51:09,61.84,2019-09-28_09-51-09.png
2019-09-28 09:56:09,61.81,2019-09-28_09-56-09.png
2019-09-28 10:01:09,61.78,2019-09-28_10-01-09.png
2019-09-28 10:06:09,61.74,2019-09-28_10-06-09.png
2019-09-28 10:11:09,61.71,2019-09-28_10-11-09.png
2019-09-28 10:16:09,61.68,2019-09-28_10-16-09.png
2019-09-28 10:21:09,61.65,2019-09-28_10-21-09.png
2019-09-28 10:26:09,61.62,2019-09-28_10-26-09.png
2019-09-28 10:31:09,61.59,2019-09-28_10-31-09.png
2019-09-28 10:36:09,61.56,2019-09-28_10-36-09.png
2019-09-28 10:41:09,61.52,2019-09-28_10-41-09.png
2019-09-28 10:46:09,61.49,2019-09-28_10-46-09.png
2019-09-28 10:51:09,61.46,2019-09-28_10-51-09.png
2019-09-28 10:56:09,61.43,2019-09-28_10-56-09.png
2019-09-28 11:01:09,60.85,2019-09-28_11-01-09.png
2019-09-28 11:06:09,60.81,2019-09-28_11-06-09.png
2019-09-28 11:11:09,60.78,2019-09-28_11-11-09.png
2019-09-28 11:16:09,60.75,2019-09-28_11-16-09.png
2019-09-28 11:21:09,60.72,2019-09-28_11-21-09.png
2019-09-28 11:26:09,60.14,2019-09-28_11-26-09.png
2019-09-28 11:31:09,60.11,2019-09-28_11-31-09.png
2019-09-28 11:36:09,60.08,2019-09-28_11-36-09.png
2019-09-28 11:41:09,60.04,2019-09-28_11-41-09.png
2019-09-28 11:46:09,60.01,2019-09-28_11-46-09.png
2019-09-28 11:51:09,59.98,2019-09-28_11-51-09.png
2019-09-28 11:56:09,59.95,2019-09-28_11-56-09.png
2019-09-28 12:01:09,59.92,2019-09-28_12-01-09.png
2019-09-28 12:06:09,59.89,2019-09-28_12-06-09.png
2019-09-28 12:11:09,59.86,2019-09-28_12-11-09.png
2019-09-28 12:16:09,59.83,2019-09-28_12-16-09.png
2019-09-28 12:21:09,59.80,2019-09-28_12-21-09.png
2019-09-28 12:26:09,59.77,2019-09-28_12-26-09.png
2019-09-28 12:31:09,59.74,2019-09-28_12-31-09.png
2019-09-28 12:36:09,59.71,2019-09-28_12-36-09.png
2019-09-28 12:41:09,59.68,2019-09-28_12-41-09.png
2019-09-28 12:46:09,59.15,2019-09-28_12-46-09.png
2019-09-28 12:51:09,59.12,2019-09-28_12-51-09.png
2019-09-28 12:56:09,59.09,2019-09-28_12-56-09.png
2019-09-28 13:01:09,59.06,2019-09-28_13-01-09.png
2019-09-28 13:06:09,59.03,2019-09-28_13-06-09.png
2019-09-28 13:11:09,59.00,2019-09-28_13-11-09.png
2019-09-28 13:16:09,58.97,2019-09-28_13-16-09.png
2019-09-28 13:21:09,58.94,2019-09-28_13-21-09.png
2019-09-28 13:26:09,58.91,2019-09-28_13-26-09.png
2019-09-28 13:31:09,58.89,2019-09-28_13-31-09.png
2019-09-28 13:36:09,58.86,2019-09-28_13-36-09.png
2019-09-28 13:41:09,58.29,2019-09-28_13-41-09.png
2019-09-28 13:46:09,58.26,2019-09-28_13-46-09.png
2019-09-28 13:51:09,58.23,2019-09-28_13-51-09.png
2019-09-28 13:56:09,58.20,2019-09-28_13-56-09.png
2019-09-28 14:01:09,58.18,2019-09-28_14-01-09.png
2019-09-28 14:06:09,58.15,2019-09-28_14-06-09.png
2019-09-28 14:11:09,57.58,2019-09-28_14-11-09.png
2019-09-28 14:16:09,57.56,2019-09-28_14-16-09.png
2019-09-28 14:21:09,57.53,2019-09-28_14-21-09.png
2019-09-28 14:26:09,57.50,2019-09-28_14-26-09.png
2019-09-28 14:31:09,57.48,2019-09-28_14-31-09.png
2019-09-28 14:36:09,57.45,2019-09-28_14-36-09.png
2019-09-28 14:41:09,57.43,2019-09-28_14-41-09.png
2019-09-28 14:46:09,57.40,2019-09-28_14-46-09.png
2019-09-28 14:51:09,57.38,2019-09-28_14-51-09.png
2019-09-28 14:56:09,57.35,2019-09-28_14-56-09.png
2019-09-28 15:01:09,57.32,2019-09-28_15-01-09.png
2019-09-28 15:06:09,57.30,2019-09-28_15-06-09.png
2019-09-28 15:11:09,57.27,2019-09-28_15-11-09.png
2019-09-28 15:16:09,57.25,2019-09-28_15-16-09.png
2019-09-28 15:21:09,57.22,2019-09-28_15-21-09.png
2019-09-28 15:26:09,57.19,2019-09-28_15-26-09.png
2019-09-28 15:31:09,57.17,2019-09-28_15-31-09.png
2019-09-28 15:36:09,57.14,2019-09-28_15-36-09.png
2019-09-28 15:41:09,57.12,2019-09-28_15-41-09.png
2019-09-28 15:46:09,57.09,2019-09-28_15-46-09.png
2019-09-28 15:51:09,57.06,2019-09-28_15-51-09.png
2019-09-28 15:56:09,56.47,2019-09-28_15-56-09.png
2019-09-28 16:06:09,56.42,2019-09-28_16-06-09.png
2019-09-28 16:11:09,56.39,2019-09-28_16-11-09.png
2019-09-28 16:16:09,56.37,2019-09-28_16-16-09.png
2019-09-28 16:21:08,56.34,2019-09-28_16-21-08.png
2019-09-28 16:26:08,56.32,2019-09-28_16-26-08.png
2019-09-28 16:31:08,56.29,2019-09-28_16-31-08.png
2019-09-28 16:36:08,56.27,2019-09-28_16-36-08.png
2019-09-28 16:41:08,55.73,2019-09-28_16-41-08.png
2019-09-28 16:46:08,55.71,2019-09-28_16-46-08.png
2019-09-28 16:51:08,55.69,2019-09-28_16-51-08.png
2019-09-28 16:56:08,55.66,2019-09-28_16-56-08.png
2019-09-28 17:01:08,55.64,2019-09-28_17-01-08.png
2019-09-28 17:06:08,55.61,2019-09-28_17-06-08.png
2019-09-28 17:11:08,55.59,2019-09-28_17-11-08.png
2019-09-28 17:16:08,55.04,2019-09-28_17-16-08.png
2019-09-28 17:21:08,55.01,2019-09-28_17-21-08.png
2019-09-28 17:26:08,54.99,2019-09-28_17-26-08.png
2019-09-28 17:31:08,54.96,2019-09-28_17-31-08.png
2019-09-28 17:36:08,54.94,2019-09-28_17-36-08.png
2019-09-28 17:41:08,54.91,2019-09-28_17-41-08.png
2019-09-28 17:46:08,54.89,2019-09-28_17-46-08.png
2019-09-28 17:51:08,54.87,2019-09-28_17-51-08.png
2019-09-28 17:56:08,54.84,2019-09-28_17-56-08.png
2019-09-28 18:01:08,54.82,2019-09-28_18-01-08.png
2019-09-28 18:06:08,54.79,2019-09-28_18-06-08.png
2019-09-28 18:11:08,54.77,2019-09-28_18-11-08.png
2019-09-28 18:16:08,54.75,2019-09-28_18-16-08.png
2019-09-28 18:21:08,54.72,2019-09-28_18-21-08.png
2019-09-28 18:26:08,54.70,2019-09-28_18-26-08.png
2019-09-28 18:31:08,54.67,2019-09-28_18-31-08.png
2019-09-28 18:36:08,54.65,2019-09-28_18-36-08.png
2019-09-28 18:41:08,54.62,2019-09-28_18-41-08.png
2019-09-28 18:46:08,54.60,2019-09-28_18-46-08.png
2019-09-28 18:51:08,54.57,2019-09-28_18-51-08.png
2019-09-28 18:56:08,54.55,2019-09-28_18-56-08.png
2019-09-28 19:01:08,54.02,2019-09-28_19-01-08.png
2019-09-28 19:06:08,54.00,2019-09-28_19-06-08.png
2019-09-28 19:11:08,53.97,2019-09-28_19-11-08.png
2019-09-28 19:16:08,53.95,2019-09-28_19-16-08.png
2019-09-28 19:21:08,53.92,2019-09-28_19-21-08.png
2019-09-28 19:26:08,53.90,2019-09-28_19-26-08.png
2019-09-28 19:31:08,53.88,2019-09-28_19-31-08.png
2019-09-28 19:36:08,53.85,2019-09-28_19-36-08.png
2019-09-28 19:41:08,53.83,2019-09-28_19-41-08.png
2019-09-28 19:46:08,53.80,2019-09-28_19-46-08.png
2019-09-28 19:51:08,53.78,2019-09-28_19-51-08.png
2019-09-28 19:56:08,53.75,2019-09-28_19-56-08.png
2019-09-28 20:01:08,53.22,2019-09-28_20-01-08.png
2019-09-28 20:06:08,53.19,2019-09-28_20-06-08.png
2019-09-28 20:11:08,53.17,2019-09-28_20-11-08.png
2019-09-28 20:16:08,53.14,2019-09-28_20-16-08.png
2019-09-28 20:21:08,52.61,2019-09-28_20-21-08.png
2019-09-28 20:26:08,52.58,2019-09-28_20-26-08.png
2019-09-28 20:31:08,52.55,2019-09-28_20-31-08.png
2019-09-28 20:36:08,52.53,2019-09-28_20-36-08.png
2019-09-28 20:41:08,52.51,2019-09-28_20-41-08.png
2019-09-28 20:46:08,52.48,2019-09-28_20-46-08.png
2019-09-28 20:51:08,52.46,2019-09-28_20-51-08.png
2019-09-28 20:56:08,52.43,2019-09-28_20-56-08.png
2019-09-28 21:23:45,51.75,2019-09-28_21-23-45.png
2019-09-28 21:26:10,51.74,2019-09-28_21-26-10.png
2019-09-28 21:31:09,51.71,2019-09-28_21-31-09.png
2019-09-28 21:36:09,51.69,2019-09-28_21-36-09.png
2019-09-28 21:41:09,51.66,2019-09-28_21-41-09.png
2019-09-28 21:46:09,51.64,2019-09-28_21-46-09.png
2019-09-28 21:51:09,51.61,2019-09-28_21-51-09.png
2019-09-28 21:56:09,51.59,2019-09-28_21-56-09.png
2019-09-28 22:01:09,51.56,2019-09-28_22-01-09.png
2019-09-28 22:06:09,51.54,2019-09-28_22-06-09.png
2019-09-28 22:11:09,51.51,2019-09-28_22-11-09.png
2019-09-28 22:16:09,51.49,2019-09-28_22-16-09.png
2019-09-28 22:21:09,51.46,2019-09-28_22-21-09.png
2019-09-28 22:26:09,50.89,2019-09-28_22-26-09.png
2019-09-28 22:31:09,50.87,2019-09-28_22-31-09.png
2019-09-28 22:36:09,50.84,2019-09-28_22-36-09.png
2019-09-28 22:41:09,50.82,2019-09-28_22-41-09.png
2019-09-28 22:46:09,50.79,2019-09-28_22-46-09.png
2019-09-28 22:51:09,50.77,2019-09-28_22-51-09.png
2019-09-28 22:56:09,50.74,2019-09-28_22-56-09.png
2019-09-28 23:01:09,50.72,2019-09-28_23-01-09.png
2019-09-28 23:06:09,50.70,2019-09-28_23-06-09.png
2019-09-28 23:11:09,50.68,2019-09-28_23-11-09.png
2019-09-28 23:16:09,50.65,2019-09-28_23-16-09.png
2019-09-28 23:21:09,50.63,2019-09-28_23-21-09.png
2019-09-28 23:26:09,50.61,2019-09-28_23-26-09.png
2019-09-28 23:31:09,50.58,2019-09-28_23-31-09.png
2019-09-28 23:41:09,49.98,2019-09-28_23-41-09.png
2019-09-28 23:46:09,49.95,2019-09-28_23-46-09.png
2019-09-28 23:51:09,49.93,2019-09-28_23-51-09.png
2019-09-28 23:56:09,49.71,2019-09-28_23-56-09.png
2019-09-29 04:06:09,48.68,2019-09-29_04-06-09.png
2019-09-29 04:11:09,48.66,2019-09-29_04-11-09.png
2019-09-29 04:16:09,48.63,2019-09-29_04-16-09.png
2019-09-29 04:21:09,48.61,2019-09-29_04-21-09.png
2019-09-29 04:26:09,48.58,2019-09-29_04-26-09.png
2019-09-29 04:31:09,48.56,2019-09-29_04-31-09.png
2019-09-29 04:36:09,48.54,2019-09-29_04-36-09.png
2019-09-29 04:41:09,48.51,2019-09-29_04-41-09.png
2019-09-29 04:46:09,48.49,2019-09-29_04-46-09.png
2019-09-29 04:51:09,48.46,2019-09-29_04-51-09.png
2019-09-29 04:56:09,48.44,2019-09-29_04-56-09.png
2019-09-29 05:17:56,48.34,2019-09-29_05-17-56.png
2019-09-29 05:21:08,48.32,2019-09-29_05-21-08.png
2019-09-29 05:26:08,48.29,2019-09-29_05-26-08.png
2019-09-29 05:31:08,48.27,2019-09-29_05-31-08.png
2019-09-29 05:36:08,48.24,2019-09-29_05-36-08.png
2019-09-29 05:41:08,48.22,2019-09-29_05-41-08.png
2019-09-29 05:46:08,48.19,2019-09-29_05-46-08.png
2019-09-29 05:51:08,48.17,2019-09-29_05-51-08.png
2019-09-29 05:56:08,48.14,2019-09-29_05-56-08.png
2019-09-29 06:01:08,48.12,2019-09-29_06-01-08.png
2019-09-29 06:06:08,48.09,2019-09-29_06-06-08.png
2019-09-29 06:11:08,48.07,2019-09-29_06-11-08.png
2019-09-29 06:16:08,48.04,2019-09-29_06-16-08.png
2019-09-29 06:21:08,48.02,2019-09-29_06-21-08.png
2019-09-29 06:26:08,47.99,2019-09-29_06-26-08.png
2019-09-29 06:31:08,47.97,2019-09-29_06-31-08.png
2019-09-29 06:36:08,47.94,2019-09-29_06-36-08.png
2019-09-29 06:41:08,47.92,2019-09-29_06-41-08.png
2019-09-29 06:46:08,47.89,2019-09-29_06-46-08.png
2019-09-29 06:51:08,47.86,2019-09-29_06-51-08.png
2019-09-29 06:56:08,47.83,2019-09-29_06-56-08.png
2019-09-29 07:01:08,47.80,2019-09-29_07-01-08.png
2019-09-29 07:06:08,47.78,2019-09-29_07-06-08.png
2019-09-29 07:11:08,47.75,2019-09-29_07-11-08.png
2019-09-29 07:16:08,47.72,2019-09-29_07-16-08.png
2019-09-29 07:21:08,47.17,2019-09-29_07-21-08.png
2019-09-29 07:26:08,47.14,2019-09-29_07-26-08.png
2019-09-29 07:31:08,47.11,2019-09-29_07-31-08.png
2019-09-29 07:36:08,47.08,2019-09-29_07-36-08.png
2019-09-29 07:41:08,47.05,2019-09-29_07-41-08.png
2019-09-29 07:46:08,47.02,2019-09-29_07-46-08.png
2019-09-29 07:51:08,46.99,2019-09-29_07-51-08.png
2019-09-29 07:56:08,46.95,2019-09-29_07-56-08.png
2019-09-29 08:01:08,46.92,2019-09-29_08-01-08.png
2019-09-29 08:06:08,46.89,2019-09-29_08-06-08.png
2019-09-29 08:11:08,46.28,2019-09-29_08-11-08.png
2019-09-29 08:16:08,46.25,2019-09-29_08-16-08.png
2019-09-29 08:21:08,46.22,2019-09-29_08-21-08.png
2019-09-29 08:26:08,46.19,2019-09-29_08-26-08.png
2019-09-29 08:31:08,46.15,2019-09-29_08-31-08.png
2019-09-29 08:36:08,46.12,2019-09-29_08-36-08.png
2019-09-29 08:41:08,46.09,2019-09-29_08-41-08.png
2019-09-29 08:46:08,46.06,2019-09-29_08-46-08.png
2019-09-29 08:51:08,46.03,2019-09-29_08-51-08.png
2019-09-29 08:56:08,46.00,2019-09-29_08-56-08.png
2019-09-29 09:01:08,45.97,2019-09-29_09-01-08.png
2019-09-29 09:06:08,45.93,2019-09-29_09-06-08.png
2019-09-29 09:11:08,45.90,2019-09-29_09-11-08.png
2019-09-29 09:16:08,45.87,2019-09-29_09-16-08.png
2019-09-29 09:21:08,45.84,2019-09-29_09-21-08.png
2019-09-29 09:26:08,45.81,2019-09-29_09-26-08.png
2019-09-29 09:31:08,45.78,2019-09-29_09-31-08.png
2019-09-29 09:36:08,45.75,2019-09-29_09-36-08.png
2019-09-29 09:41:08,45.71,2019-09-29_09-41-08.png
2019-09-29 09:46:08,45.08,2019-09-29_09-46-08.png
2019-09-29 09:51:08,45.05,2019-09-29_09-51-08.png
2019-09-29 09:56:08,45.02,2019-09-29_09-56-08.png
2019-09-29 10:01:09,44.98,2019-09-29_10-01-09.png
2019-09-29 10:06:09,44.95,2019-09-29_10-06-09.png
2019-09-29 10:11:09,44.92,2019-09-29_10-11-09.png
2019-09-29 10:16:09,44.89,2019-09-29_10-16-09.png
2019-09-29 10:21:09,44.86,2019-09-29_10-21-09.png
2019-09-29 10:26:09,44.83,2019-09-29_10-26-09.png
2019-09-29 10:31:09,44.80,2019-09-29_10-31-09.png
2019-09-29 10:36:09,44.76,2019-09-29_10-36-09.png
2019-09-29 10:41:09,44.73,2019-09-29_10-41-09.png
2019-09-29 10:46:09,44.70,2019-09-29_10-46-09.png
2019-09-29 10:51:09,44.12,2019-09-29_10-51-09.png
2019-09-29 10:56:09,44.09,2019-09-29_10-56-09.png
2019-09-29 11:01:09,44.05,2019-09-29_11-01-09.png
2019-09-29 11:06:09,44.02,2019-09-29_11-06-09.png
2019-09-29 11:11:09,43.99,2019-09-29_11-11-09.png
2019-09-29 11:16:09,43.95,2019-09-29_11-16-09.png
2019-09-29 11:21:09,43.92,2019-09-29_11-21-09.png
2019-09-29 11:26:09,43.88,2019-09-29_11-26-09.png
2019-09-29 11:31:09,43.85,2019-09-29_11-31-09.png
2019-09-29 11:36:09,43.82,2019-09-29_11-36-09.png
2019-09-29 11:41:09,43.78,2019-09-29_11-41-09.png
2019-09-29 11:46:09,43.75,2019-09-29_11-46-09.png
2019-09-29 11:51:09,43.22,2019-09-29_11-51-09.png
2019-09-29 11:56:09,43.19,2019-09-29_11-56-09.png
2019-09-29 12:01:09,43.15,2019-09-29_12-01-09.png
2019-09-29 12:06:09,43.12,2019-09-29_12-06-09.png
2019-09-29 12:11:09,43.09,2019-09-29_12-11-09.png
2019-09-29 12:16:09,43.06,2019-09-29_12-16-09.png
2019-09-29 12:21:09,43.03,2019-09-29_12-21-09.png
2019-09-29 12:26:09,43.00,2019-09-29_12-26-09.png
2019-09-29 12:31:09,42.97,2019-09-29_12-31-09.png
2019-09-29 12:36:09,42.94,2019-09-29_12-36-09.png
2019-09-29 12:41:09,42.91,2019-09-29_12-41-09.png
2019-09-29 12:46:09,42.88,2019-09-29_12-46-09.png
2019-09-29 12:51:09,42.85,2019-09-29_12-51-09.png
2019-09-29 12:56:09,42.24,2019-09-29_12-56-09.png
2019-09-29 13:01:09,42.22,2019-09-29_13-01-09.png
2019-09-29 13:06:09,42.19,2019-09-29_13-06-09.png
2019-09-29 13:11:09,42.16,2019-09-29_13-11-09.png
2019-09-29 13:16:09,42.13,2019-09-29_13-16-09.png
2019-09-29 13:21:09,42.11,2019-09-29_13-21-09.png
2019-09-29 13:26:09,42.08,2019-09-29_13-26-09.png
2019-09-29 13:31:09,42.06,2019-09-29_13-31-09.png
2019-09-29 13:36:09,42.03,2019-09-29_13-36-09.png
2019-09-29 13:41:09,42.00,2019-09-29_13-41-09.png
2019-09-29 13:46:09,41.98,2019-09-29_13-46-09.png
2019-09-29 13:51:09,41.40,2019-09-29_13-51-09.png
2019-09-29 13:56:09,41.38,2019-09-29_13-56-09.png
2019-09-29 14:01:09,41.35,2019-09-29_14-01-09.png
2019-09-29 14:06:09,40.72,2019-09-29_14-06-09.png
2019-09-29 14:11:09,40.69,2019-09-29_14-11-09.png
2019-09-29 14:16:09,40.67,2019-09-29_14-16-09.png
2019-09-29 14:21:09,40.64,2019-09-29_14-21-09.png
2019-09-29 14:26:09,40.61,2019-09-29_14-26-09.png
2019-09-29 14:31:09,40.59,2019-09-29_14-31-09.png
2019-09-29 14:36:09,40.56,2019-09-29_14-36-09.png
2019-09-29 14:41:09,40.53,2019-09-29_14-41-09.png
2019-09-29 14:46:09,40.51,2019-09-29_14-46-09.png
2019-09-29 14:51:09,40.48,2019-09-29_14-51-09.png
2019-09-29 14:56:09,40.45,2019-09-29_14-56-09.png
2019-09-29 15:01:09,40.43,2019-09-29_15-01-09.png
2019-09-29 15:06:09,40.40,2019-09-29_15-06-09.png
2019-09-29 15:11:09,39.79,2019-09-29_15-11-09.png
2019-09-29 15:16:09,39.76,2019-09-29_15-16-09.png
2019-09-29 15:21:09,39.73,2019-09-29_15-21-09.png
2019-09-29 15:26:09,39.71,2019-09-29_15-26-09.png
2019-09-29 15:31:09,39.68,2019-09-29_15-31-09.png
2019-09-29 15:36:09,39.66,2019-09-29_15-36-09.png
2019-09-29 15:41:09,39.63,2019-09-29_15-41-09.png
2019-09-29 15:46:09,39.61,2019-09-29_15-46-09.png
2019-09-29 15:51:09,39.58,2019-09-29_15-51-09.png
2019-09-29 15:56:09,39.55,2019-09-29_15-56-09.png
2019-09-29 16:01:09,39.53,2019-09-29_16-01-09.png
2019-09-29 16:06:09,39.50,2019-09-29_16-06-09.png
2019-09-29 16:11:09,39.48,2019-09-29_16-11-09.png
2019-09-29 16:16:09,39.45,2019-09-29_16-16-09.png
2019-09-29 16:21:09,39.43,2019-09-29_16-21-09.png
2019-09-29 16:26:09,39.40,2019-09-29_16-26-09.png
2019-09-29 16:31:09,39.38,2019-09-29_16-31-09.png
2019-09-29 16:36:09,39.36,2019-09-29_16-36-09.png
2019-09-29 16:41:09,38.78,2019-09-29_16-41-09.png
2019-09-29 16:46:09,38.75,2019-09-29_16-46-09.png
2019-09-29 16:51:09,38.73,2019-09-29_16-51-09.png
2019-09-29 16:56:09,38.70,2019-09-29_16-56-09.png
2019-09-29 17:01:09,38.68,2019-09-29_17-01-09.png
2019-09-29 17:06:09,38.65,2019-09-29_17-06-09.png
2019-09-29 17:11:09,38.03,2019-09-29_17-11-09.png
2019-09-29 17:16:09,38.00,2019-09-29_17-16-09.png
2019-09-29 17:21:09,37.98,2019-09-29_17-21-09.png
2019-09-29 17:26:09,37.95,2019-09-29_17-26-09.png
2019-09-29 17:31:09,37.92,2019-09-29_17-31-09.png
2019-09-29 17:36:09,37.90,2019-09-29_17-36-09.png
2019-09-29 17:41:09,37.87,2019-09-29_17-41-09.png
2019-09-29 17:46:09,37.85,2019-09-29_17-46-09.png
2019-09-29 17:51:09,37.82,2019-09-29_17-51-09.png
2019-09-29 17:56:09,37.80,2019-09-29_17-56-09.png
2019-09-29 18:01:09,37.24,2019-09-29_18-01-09.png
2019-09-29 18:06:09,37.21,2019-09-29_18-06-09.png
2019-09-29 18:11:09,37.19,2019-09-29_18-11-09.png
2019-09-29 18:16:09,37.16,2019-09-29_18-16-09.png
2019-09-29 18:21:09,37.14,2019-09-29_18-21-09.png
2019-09-29 18:26:09,37.11,2019-09-29_18-26-09.png
2019-09-29 18:31:09,37.09,2019-09-29_18-31-09.png
2019-09-29 18:36:09,37.06,2019-09-29_18-36-09.png
2019-09-29 18:41:09,37.03,2019-09-29_18-41-09.png
2019-09-29 18:46:09,37.01,2019-09-29_18-46-09.png
2019-09-29 18:51:09,36.98,2019-09-29_18-51-09.png
2019-09-29 18:56:09,36.96,2019-09-29_18-56-09.png
2019-09-29 19:01:09,36.94,2019-09-29_19-01-09.png
2019-09-29 19:06:09,36.91,2019-09-29_19-06-09.png
2019-09-29 19:11:09,36.89,2019-09-29_19-11-09.png
2019-09-29 19:16:09,36.86,2019-09-29_19-16-09.png
2019-09-29 19:21:09,36.84,2019-09-29_19-21-09.png
2019-09-29 19:26:09,36.81,2019-09-29_19-26-09.png
2019-09-29 19:31:09,36.79,2019-09-29_19-31-09.png
2019-09-29 19:36:09,36.77,2019-09-29_19-36-09.png
2019-09-29 19:41:09,36.74,2019-09-29_19-41-09.png
2019-09-29 19:46:09,36.17,2019-09-29_19-46-09.png
2019-09-29 19:51:09,36.15,2019-09-29_19-51-09.png
2019-09-29 19:56:09,36.13,2019-09-29_19-56-09.png
2019-09-29 20:01:09,36.10,2019-09-29_20-01-09.png
2019-09-29 20:06:08,36.08,2019-09-29_20-06-08.png
2019-09-29 20:11:08,36.05,2019-09-29_20-11-08.png
2019-09-29 20:16:08,36.03,2019-09-29_20-16-08.png
2019-09-29 20:21:08,36.00,2019-09-29_20-21-08.png
2019-09-29 20:26:08,35.98,2019-09-29_20-26-08.png
2019-09-29 20:31:08,35.95,2019-09-29_20-31-08.png
2019-09-29 20:36:08,35.93,2019-09-29_20-36-08.png
2019-09-29 20:41:08,35.90,2019-09-29_20-41-08.png
2019-09-29 20:46:08,35.31,2019-09-29_20-46-08.png
2019-09-29 20:51:08,35.28,2019-09-29_20-51-08.png
2019-09-29 20:56:08,35.26,2019-09-29_20-56-08.png
2019-09-29 21:01:08,35.23,2019-09-29_21-01-08.png
2019-09-29 21:06:08,35.21,2019-09-29_21-06-08.png
2019-09-29 21:11:08,35.18,2019-09-29_21-11-08.png
2019-09-29 21:16:08,35.16,2019-09-29_21-16-08.png
2019-09-29 21:21:08,35.13,2019-09-29_21-21-08.png
2019-09-29 21:26:08,35.11,2019-09-29_21-26-08.png
2019-09-29 21:31:08,35.09,2019-09-29_21-31-08.png
2019-09-29 21:36:08,35.06,2019-09-29_21-36-08.png
2019-09-29 21:41:08,35.04,2019-09-29_21-41-08.png
2019-09-29 21:46:08,35.01,2019-09-29_21-46-08.png
2019-09-29 21:51:08,34.99,2019-09-29_21-51-08.png
2019-09-29 21:56:08,34.40,2019-09-29_21-56-08.png
2019-09-29 22:01:08,34.37,2019-09-29_22-01-08.png
2019-09-29 22:06:08,34.35,2019-09-29_22-06-08.png
2019-09-29 22:11:08,34.33,2019-09-29_22-11-08.png
2019-09-29 22:16:08,34.30,2019-09-29_22-16-08.png
2019-09-29 22:21:08,34.28,2019-09-29_22-21-08.png
2019-09-29 22:26:08,33.72,2019-09-29_22-26-08.png
2019-09-29 22:31:08,33.69,2019-09-29_22-31-08.png
2019-09-29 22:36:08,33.67,2019-09-29_22-36-08.png
2019-09-29 22:41:08,33.65,2019-09-29_22-41-08.png
2019-09-29 22:46:08,33.62,2019-09-29_22-46-08.png
2019-09-29 22:51:08,33.60,2019-09-29_22-51-08.png
2019-09-29 22:56:08,33.58,2019-09-29_22-56-08.png
2019-09-29 23:01:08,33.55,2019-09-29_23-01-08.png
2019-09-29 23:06:08,33.53,2019-09-29_23-06-08.png
2019-09-29 23:11:08,33.51,2019-09-29_23-11-08.png
2019-09-29 23:16:08,32.93,2019-09-29_23-16-08.png
2019-09-29 23:21:08,32.91,2019-09-29_23-21-08.png
2019-09-29 23:26:08,32.89,2019-09-29_23-26-08.png
2019-09-29 23:31:08,32.87,2019-09-29_23-31-08.png
2019-09-29 23:36:08,32.85,2019-09-29_23-36-08.png
2019-09-29 23:41:08,32.83,2019-09-29_23-41-08.png
2019-09-29 23:46:08,32.81,2019-09-29_23-46-08.png
2019-09-29 23:51:08,32.79,2019-09-29_23-51-08.png
2019-09-29 23:56:08,32.77,2019-09-29_23-56-08.png
2019-09-30 04:56:09,31.36,2019-09-30_04-56-09.png
2019-09-30 05:01:09,31.33,2019-09-30_05-01-09.png
2019-09-30 05:06:09,31.31,2019-09-30_05-06-09.png
2019-09-30 05:11:09,31.29,2019-09-30_05-11-09.png
2019-09-30 05:16:09,31.26,2019-09-30_05-16-09.png
2019-09-30 05:24:03,31.22,2019-09-30_05-24-03.png
2019-09-30 05:26:09,31.21,2019-09-30_05-26-09.png
2019-09-30 05:31:09,31.18,2019-09-30_05-31-09.png
2019-09-30 05:36:09,31.16,2019-09-30_05-36-09.png
2019-09-30 05:41:09,31.13,2019-09-30_05-41-09.png
2019-09-30 05:46:09,31.11,2019-09-30_05-46-09.png
2019-09-30 05:51:09,31.08,2019-09-30_05-51-09.png
2019-09-30 05:56:09,31.05,2019-09-30_05-56-09.png
2019-09-30 06:01:09,31.02,2019-09-30_06-01-09.png
2019-09-30 06:06:09,30.99,2019-09-30_06-06-09.png
2019-09-30 06:11:09,30.97,2019-09-30_06-11-09.png
2019-09-30 06:16:09,30.94,2019-09-30_06-16-09.png
2019-09-30 06:21:09,30.91,2019-09-30_06-21-09.png
2019-09-30 06:26:09,30.88,2019-09-30_06-26-09.png
2019-09-30 06:31:09,30.85,2019-09-30_06-31-09.png
2019-09-30 06:36:09,30.82,2019-09-30_06-36-09.png
2019-09-30 06:41:09,30.79,2019-09-30_06-41-09.png
2019-09-30 06:46:10,30.77,2019-09-30_06-46-10.png
2019-09-30 06:51:09,30.74,2019-09-30_06-51-09.png
2019-09-30 06:56:09,30.71,2019-09-30_06-56-09.png
2019-09-30 07:01:09,30.68,2019-09-30_07-01-09.png
2019-09-30 07:06:09,30.65,2019-09-30_07-06-09.png
2019-09-30 07:11:09,30.12,2019-09-30_07-11-09.png
2019-09-30 07:16:09,30.09,2019-09-30_07-16-09.png
2019-09-30 07:21:09,30.06,2019-09-30_07-21-09.png
2019-09-30 07:26:09,30.03,2019-09-30_07-26-09.png
2019-09-30 07:31:09,30.00,2019-09-30_07-31-09.png
2019-09-30 07:36:09,29.97,2019-09-30_07-36-09.png
2019-09-30 07:41:09,29.94,2019-09-30_07-41-09.png
2019-09-30 07:46:09,29.91,2019-09-30_07-46-09.png
2019-09-30 07:51:09,29.87,2019-09-30_07-51-09.png
2019-09-30 07:56:09,29.84,2019-09-30_07-56-09.png
2019-09-30 08:01:09,29.81,2019-09-30_08-01-09.png
2019-09-30 08:06:09,29.77,2019-09-30_08-06-09.png
2019-09-30 08:11:09,29.74,2019-09-30_08-11-09.png
2019-09-30 08:16:09,29.70,2019-09-30_08-16-09.png
2019-09-30 08:21:09,29.67,2019-09-30_08-21-09.png
2019-09-30 08:26:09,29.08,2019-09-30_08-26-09.png
2019-09-30 08:31:09,29.04,2019-09-30_08-31-09.png
2019-09-30 08:36:09,29.01,2019-09-30_08-36-09.png
2019-09-30 08:41:09,28.97,2019-09-30_08-41-09.png
2019-09-30 08:46:09,28.94,2019-09-30_08-46-09.png
2019-09-30 08:51:09,28.90,2019-09-30_08-51-09.png
2019-09-30 08:56:09,28.87,2019-09-30_08-56-09.png
2019-09-30 09:01:09,28.83,2019-09-30_09-01-09.png
2019-09-30 09:06:09,28.80,2019-09-30_09-06-09.png
2019-09-30 09:11:09,28.77,2019-09-30_09-11-09.png
2019-09-30 09:16:09,28.73,2019-09-30_09-16-09.png
2019-09-30 09:21:09,28.70,2019-09-30_09-21-09.png
2019-09-30 09:26:09,28.67,2019-09-30_09-26-09.png
2019-09-30 09:31:09,28.10,2019-09-30_09-31-09.png
2019-09-30 09:36:09,28.06,2019-09-30_09-36-09.png
2019-09-30 09:54:53,27.94,2019-09-30_09-54-53.png
2019-09-30 09:56:08,27.93,2019-09-30_09-56-08.png
2019-09-30 10:01:08,27.90,2019-09-30_10-01-08.png
2019-09-30 10:06:08,27.86,2019-09-30_10-06-08.png
2019-09-30 10:11:08,27.83,2019-09-30_10-11-08.png
2019-09-30 10:16:08,27.80,2019-09-30_10-16-08.png
2019-09-30 10:26:08,27.73,2019-09-30_10-26-08.png
2019-09-30 10:31:08,27.70,2019-09-30_10-31-08.png
2019-09-30 10:36:08,27.12,2019-09-30_10-36-08.png
2019-09-30 10:41:08,27.09,2019-09-30_10-41-08.png
2019-09-30 10:46:08,27.06,2019-09-30_10-46-08.png
2019-09-30 10:51:08,27.03,2019-09-30_10-51-08.png
2019-09-30 10:56:08,27.00,2019-09-30_10-56-08.png
2019-09-30 11:01:08,26.96,2019-09-30_11-01-08.png
2019-09-30 11:06:08,26.93,2019-09-30_11-06-08.png
2019-09-30 11:11:08,26.90,2019-09-30_11-11-08.png
2019-09-30 11:16:08,26.87,2019-09-30_11-16-08.png
2019-09-30 11:21:08,26.84,2019-09-30_11-21-08.png
2019-09-30 11:26:08,26.22,2019-09-30_11-26-08.png
2019-09-30 11:31:08,26.19,2019-09-30_11-31-08.png
2019-09-30 11:36:08,26.15,2019-09-30_11-36-08.png
2019-09-30 11:41:08,26.12,2019-09-30_11-41-08.png
2019-09-30 11:46:08,26.09,2019-09-30_11-46-08.png
2019-09-30 11:51:08,26.06,2019-09-30_11-51-08.png
2019-09-30 11:56:08,26.03,2019-09-30_11-56-08.png
2019-09-30 12:01:08,25.99,2019-09-30_12-01-08.png
2019-09-30 12:06:08,25.96,2019-09-30_12-06-08.png
2019-09-30 12:11:08,25.93,2019-09-30_12-11-08.png
2019-09-30 12:16:08,25.90,2019-09-30_12-16-08.png
2019-09-30 12:21:08,25.87,2019-09-30_12-21-08.png
2019-09-30 12:26:08,25.84,2019-09-30_12-26-08.png
2019-09-30 12:31:08,25.81,2019-09-30_12-31-08.png
2019-09-30 12:36:08,25.78,2019-09-30_12-36-08.png
2019-09-30 12:41:08,25.24,2019-09-30_12-41-08.png
2019-09-30 12:46:08,25.21,2019-09-30_12-46-08.png
2019-09-30 12:51:08,25.18,2019-09-30_12-51-08.png
2019-09-30 12:56:08,25.15,2019-09-30_12-56-08.png
2019-09-30 13:06:08,24.57,2019-09-30_13-06-08.png
2019-09-30 13:11:08,24.55,2019-09-30_13-11-08.png
2019-09-30 13:16:08,24.52,2019-09-30_13-16-08.png
2019-09-30 13:21:08,24.49,2019-09-30_13-21-08.png
2019-09-30 13:26:08,24.46,2019-09-30_13-26-08.png
2019-09-30 13:31:08,24.43,2019-09-30_13-31-08.png
2019-09-30 13:36:08,24.40,2019-09-30_13-36-08.png
2019-09-30 13:41:08,24.38,2019-09-30_13-41-08.png
2019-09-30 13:46:08,24.35,2019-09-30_13-46-08.png
2019-09-30 13:51:08,24.32,2019-09-30_13-51-08.png
2019-09-30 13:56:08,24.29,2019-09-30_13-56-08.png
2019-09-30 14:01:08,24.27,2019-09-30_14-01-08.png
2019-09-30 14:06:08,24.24,2019-09-30_14-06-08.png
2019-09-30 14:11:08,24.21,2019-09-30_14-11-08.png
2019-09-30 14:16:08,24.19,2019-09-30_14-16-08.png
2019-09-30 14:21:08,24.16,2019-09-30_14-21-08.png
2019-09-30 14:26:08,24.13,2019-09-30_14-26-08.png
2019-09-30 14:31:08,24.10,2019-09-30_14-31-08.png
2019-09-30 14:36:08,24.07,2019-09-30_14-36-08.png
2019-09-30 14:41:08,24.05,2019-09-30_14-41-08.png
2019-09-30 14:46:08,23.45,2019-09-30_14-46-08.png
2019-09-30 14:51:08,23.43,2019-09-30_14-51-08.png
2019-09-30 14:56:08,23.40,2019-09-30_14-56-08.png
2019-09-30 15:01:08,23.37,2019-09-30_15-01-08.png
2019-09-30 15:06:08,23.35,2019-09-30_15-06-08.png
2019-09-30 15:11:08,23.32,2019-09-30_15-11-08.png
2019-09-30 15:16:08,23.29,2019-09-30_15-16-08.png
2019-09-30 15:21:08,23.27,2019-09-30_15-21-08.png
2019-09-30 15:26:08,23.24,2019-09-30_15-26-08.png
2019-09-30 15:31:08,23.22,2019-09-30_15-31-08.png
2019-09-30 15:36:08,23.19,2019-09-30_15-36-08.png
2019-09-30 15:41:08,23.16,2019-09-30_15-41-08.png
2019-09-30 15:46:08,23.14,2019-09-30_15-46-08.png
2019-09-30 15:51:08,23.11,2019-09-30_15-51-08.png
2019-09-30 15:56:08,22.56,2019-09-30_15-56-08.png
2019-09-30 16:01:08,22.54,2019-09-30_16-01-08.png
2019-09-30 16:06:08,22.51,2019-09-30_16-06-08.png
2019-09-30 16:11:08,22.48,2019-09-30_16-11-08.png
2019-09-30 16:16:08,22.45,2019-09-30_16-16-08.png
2019-09-30 16:21:08,22.43,2019-09-30_16-21-08.png
2019-09-30 16:26:08,22.40,2019-09-30_16-26-08.png
2019-09-30 16:31:08,21.85,2019-09-30_16-31-08.png
2019-09-30 16:36:08,21.83,2019-09-30_16-36-08.png
2019-09-30 16:41:08,21.80,2019-09-30_16-41-08.png
2019-09-30 16:46:08,21.77,2019-09-30_16-46-08.png
2019-09-30 16:51:08,21.75,2019-09-30_16-51-08.png
2019-09-30 16:56:08,21.72,2019-09-30_16-56-08.png
2019-09-30 17:01:08,21.70,2019-09-30_17-01-08.png
2019-09-30 17:06:08,21.68,2019-09-30_17-06-08.png
2019-09-30 17:11:08,21.65,2019-09-30_17-11-08.png
2019-09-30 17:16:08,21.62,2019-09-30_17-16-08.png
2019-09-30 17:21:08,21.60,2019-09-30_17-21-08.png
2019-09-30 17:26:08,20.98,2019-09-30_17-26-08.png
2019-09-30 17:31:08,20.95,2019-09-30_17-31-08.png
2019-09-30 17:36:08,20.93,2019-09-30_17-36-08.png
2019-09-30 17:41:08,20.90,2019-09-30_17-41-08.png
2019-09-30 17:46:08,20.87,2019-09-30_17-46-08.png
2019-09-30 17:51:08,20.84,2019-09-30_17-51-08.png
2019-09-30 17:56:08,20.81,2019-09-30_17-56-08.png
2019-09-30 18:01:08,20.78,2019-09-30_18-01-08.png
2019-09-30 18:06:08,20.75,2019-09-30_18-06-08.png
2019-09-30 18:11:08,20.73,2019-09-30_18-11-08.png
2019-09-30 18:16:08,20.70,2019-09-30_18-16-08.png
2019-09-30 18:21:08,20.67,2019-09-30_18-21-08.png
2019-09-30 18:26:08,20.64,2019-09-30_18-26-08.png
2019-09-30 18:31:08,20.61,2019-09-30_18-31-08.png
2019-09-30 18:36:08,20.00,2019-09-30_18-36-08.png
2019-09-30 18:41:08,19.98,2019-09-30_18-41-08.png
2019-09-30 18:46:08,19.94,2019-09-30_18-46-08.png
2019-09-30 18:51:08,19.92,2019-09-30_18-51-08.png
2019-09-30 18:56:09,19.89,2019-09-30_18-56-09.png
2019-09-30 19:01:08,19.86,2019-09-30_19-01-08.png
2019-09-30 19:06:08,19.83,2019-09-30_19-06-08.png
2019-09-30 19:11:08,19.80,2019-09-30_19-11-08.png
2019-09-30 19:16:08,19.77,2019-09-30_19-16-08.png
2019-09-30 19:21:08,19.74,2019-09-30_19-21-08.png
2019-09-30 19:26:08,19.71,2019-09-30_19-26-08.png
2019-09-30 19:31:08,19.68,2019-09-30_19-31-08.png
2019-09-30 19:36:08,19.65,2019-09-30_19-36-08.png
2019-09-30 19:57:07,18.96,2019-09-30_19-57-07.png
2019-09-30 20:01:10,18.93,2019-09-30_20-01-10.png
2019-09-30 20:06:09,18.90,2019-09-30_20-06-09.png
2019-09-30 20:11:09,18.87,2019-09-30_20-11-09.png
2019-09-30 20:16:09,18.84,2019-09-30_20-16-09.png
2019-09-30 20:21:09,18.81,2019-09-30_20-21-09.png
2019-09-30 20:26:09,18.78,2019-09-30_20-26-09.png
2019-09-30 20:31:09,18.75,2019-09-30_20-31-09.png
2019-09-30 20:36:09,18.20,2019-09-30_20-36-09.png
2019-09-30 20:41:09,18.17,2019-09-30_20-41-09.png
2019-09-30 20:46:08,18.14,2019-09-30_20-46-08.png
2019-09-30 20:51:09,18.11,2019-09-30_20-51-09.png
2019-09-30 20:56:09,18.09,2019-09-30_20-56-09.png
2019-09-30 21:01:09,18.06,2019-09-30_21-01-09.png
2019-09-30 21:06:09,18.03,2019-09-30_21-06-09.png
2019-09-30 21:11:09,18.00,2019-09-30_21-11-09.png
2019-09-30 21:16:09,17.97,2019-09-30_21-16-09.png
2019-09-30 21:21:09,17.95,2019-09-30_21-21-09.png
2019-09-30 21:26:09,17.42,2019-09-30_21-26-09.png
2019-09-30 21:31:09,17.39,2019-09-30_21-31-09.png
2019-09-30 21:36:09,17.36,2019-09-30_21-36-09.png
2019-09-30 21:41:09,17.34,2019-09-30_21-41-09.png
2019-09-30 21:46:09,17.31,2019-09-30_21-46-09.png
2019-09-30 21:51:09,17.28,2019-09-30_21-51-09.png
2019-09-30 21:56:08,17.25,2019-09-30_21-56-08.png
2019-09-30 22:01:09,17.23,2019-09-30_22-01-09.png
2019-09-30 22:06:08,17.20,2019-09-30_22-06-08.png
2019-09-30 22:11:09,17.18,2019-09-30_22-11-09.png
2019-09-30 22:16:09,17.15,2019-09-30_22-16-09.png
2019-09-30 22:21:09,17.12,2019-09-30_22-21-09.png
2019-09-30 22:26:08,16.51,2019-09-30_22-26-08.png
2019-09-30 22:31:09,16.48,2019-09-30_22-31-09.png
2019-09-30 22:36:09,16.45,2019-09-30_22-36-09.png
2019-09-30 22:41:09,16.43,2019-09-30_22-41-09.png
2019-09-30 22:46:09,16.40,2019-09-30_22-46-09.png
2019-09-30 22:51:09,16.38,2019-09-30_22-51-09.png
2019-09-30 22:56:09,16.35,2019-09-30_22-56-09.png
2019-09-30 23:01:09,16.33,2019-09-30_23-01-09.png
2019-09-30 23:06:09,16.30,2019-09-30_23-06-09.png
2019-09-30 23:11:09,16.28,2019-09-30_23-11-09.png
2019-09-30 23:16:09,16.25,2019-09-30_23-16-09.png
2019-09-30 23:21:09,16.23,2019-09-30_23-21-09.png
2019-09-30 23:26:09,16.21,2019-09-30_23-26-09.png
2019-09-30 23:31:09,16.18,2019-09-30_23-31-09.png
2019-09-30 23:36:09,16.16,2019-09-30_23-36-09.png
2019-09-30 23:41:09,15.63,2019-09-30_23-41-09.png
2019-09-30 23:46:09,15.61,2019-09-30_23-46-09.png
2019-09-30 23:51:09,15.58,2019-09-30_23-51-09.png
2019-09-30 23:56:09,15.56,2019-09-30_23-56-09.png
2019-10-01 05:21:09,14.00,2019-10-01_05-21-09.png
2019-10-01 05:26:09,13.97,2019-10-01_05-26-09.png
2019-10-01 05:31:09,13.94,2019-10-01_05-31-09.png
2019-10-01 05:36:09,13.92,2019-10-01_05-36-09.png
2019-10-01 05:41:09,13.89,2019-10-01_05-41-09.png
2019-10-01 05:46:09,13.86,2019-10-01_05-46-09.png
2019-10-01 05:51:09,13.83,2019-10-01_05-51-09.png
2019-10-01 05:56:09,13.80,2019-10-01_05-56-09.png
2019-10-01 06:01:09,13.77,2019-10-01_06-01-09.png
2019-10-01 06:06:09,13.74,2019-10-01_06-06-09.png
2019-10-01 06:11:09,13.72,2019-10-01_06-11-09.png
2019-10-01 06:16:09,13.68,2019-10-01_06-16-09.png
2019-10-01 06:21:09,13.65,2019-10-01_06-21-09.png
2019-10-01 06:26:09,13.62,2019-10-01_06-26-09.png
2019-10-01 06:31:09,13.59,2019-10-01_06-31-09.png
2019-10-01 06:36:09,13.56,2019-10-01_06-36-09.png
2019-10-01 06:41:09,13.53,2019-10-01_06-41-09.png
2019-10-01 06:46:09,13.50,2019-10-01_06-46-09.png
2019-10-01 06:51:09,13.47,2019-10-01_06-51-09.png
2019-10-01 06:56:09,13.44,2019-10-01_06-56-09.png
2019-10-01 07:01:09,13.41,2019-10-01_07-01-09.png
2019-10-01 07:06:09,12.82,2019-10-01_07-06-09.png
2019-10-01 07:11:09,12.79,2019-10-01_07-11-09.png
2019-10-01 07:16:09,12.75,2019-10-01_07-16-09.png
2019-10-01 07:21:09,12.72,2019-10-01_07-21-09.png
2019-10-01 07:26:09,12.69,2019-10-01_07-26-09.png
2019-10-01 07:31:09,12.66,2019-10-01_07-31-09.png
2019-10-01 07:36:09,12.63,2019-10-01_07-36-09.png
2019-10-01 07:41:09,12.59,2019-10-01_07-41-09.png
2019-10-01 07:46:09,12.55,2019-10-01_07-46-09.png
2019-10-01 07:51:09,12.52,2019-10-01_07-51-09.png
2019-10-01 07:56:09,12.48,2019-10-01_07-56-09.png
2019-10-01 08:01:09,12.45,2019-10-01_08-01-09.png
2019-10-01 08:06:09,12.42,2019-10-01_08-06-09.png
2019-10-01 08:11:09,12.38,2019-10-01_08-11-09.png
2019-10-01 08:16:09,12.35,2019-10-01_08-16-09.png
2019-10-01 08:21:09,12.32,2019-10-01_08-21-09.png
2019-10-01 08:26:09,12.28,2019-10-01_08-26-09.png
2019-10-01 08:31:09,12.25,2019-10-01_08-31-09.png
2019-10-01 08:36:09,12.21,2019-10-01_08-36-09.png
2019-10-01 08:41:09,12.18,2019-10-01_08-41-09.png
2019-10-01 08:46:09,12.14,2019-10-01_08-46-09.png
2019-10-01 08:51:09,12.11,2019-10-01_08-51-09.png
2019-10-01 08:56:09,12.07,2019-10-01_08-56-09.png
2019-10-01 09:01:09,11.54,2019-10-01_09-01-09.png
2019-10-01 09:06:09,11.50,2019-10-01_09-06-09.png
2019-10-01 09:11:09,11.47,2019-10-01_09-11-09.png
2019-10-01 09:26:09,11.37,2019-10-01_09-26-09.png
2019-10-01 09:31:09,11.34,2019-10-01_09-31-09.png
2019-10-01 09:36:09,11.30,2019-10-01_09-36-09.png
2019-10-01 09:41:09,11.27,2019-10-01_09-41-09.png
2019-10-01 09:46:09,11.24,2019-10-01_09-46-09.png
2019-10-01 09:51:09,10.68,2019-10-01_09-51-09.png
2019-10-01 09:56:09,10.65,2019-10-01_09-56-09.png
2019-10-01 10:01:09,10.06,2019-10-01_10-01-09.png
2019-10-01 10:06:09,10.02,2019-10-01_10-06-09.png
2019-10-01 10:11:09,9.99,2019-10-01_10-11-09.png
2019-10-01 10:16:09,9.96,2019-10-01_10-16-09.png
2019-10-01 10:21:09,9.93,2019-10-01_10-21-09.png
2019-10-01 10:26:09,9.89,2019-10-01_10-26-09.png
2019-10-01 10:31:09,9.86,2019-10-01_10-31-09.png
2019-10-01 10:36:09,9.83,2019-10-01_10-36-09.png
2019-10-01 10:41:09,9.80,2019-10-01_10-41-09.png
2019-10-01 10:46:09,9.76,2019-10-01_10-46-09.png
2019-10-01 10:51:09,9.73,2019-10-01_10-51-09.png
2019-10-01 10:56:09,9.70,2019-10-01_10-56-09.png
2019-10-01 11:01:09,9.67,2019-10-01_11-01-09.png
2019-10-01 11:06:09,9.64,2019-10-01_11-06-09.png
2019-10-01 11:11:09,9.61,2019-10-01_11-11-09.png
2019-10-01 11:16:09,9.58,2019-10-01_11-16-09.png
2019-10-01 11:21:09,9.55,2019-10-01_11-21-09.png
2019-10-01 11:26:09,9.52,2019-10-01_11-26-09.png
2019-10-01 11:31:09,9.49,2019-10-01_11-31-09.png
2019-10-01 11:36:09,9.46,2019-10-01_11-36-09.png
2019-10-01 11:41:09,9.43,2019-10-01_11-41-09.png
2019-10-01 11:46:09,9.40,2019-10-01_11-46-09.png
2019-10-01 11:51:09,8.82,2019-10-01_11-51-09.png
2019-10-01 11:56:09,8.79,2019-10-01_11-56-09.png
2019-10-01 12:01:09,8.76,2019-10-01_12-01-09.png
2019-10-01 12:06:09,8.23,2019-10-01_12-06-09.png
2019-10-01 12:11:09,8.20,2019-10-01_12-11-09.png
2019-10-01 12:16:09,8.17,2019-10-01_12-16-09.png
2019-10-01 12:21:09,8.14,2019-10-01_12-21-09.png
2019-10-01 12:26:09,8.11,2019-10-01_12-26-09.png
2019-10-01 12:31:09,8.08,2019-10-01_12-31-09.png
2019-10-01 12:36:09,8.05,2019-10-01_12-36-09.png
2019-10-01 12:41:09,8.02,2019-10-01_12-41-09.png
2019-10-01 12:46:09,7.99,2019-10-01_12-46-09.png
2019-10-01 12:51:09,7.96,2019-10-01_12-51-09.png
2019-10-01 12:56:09,7.93,2019-10-01_12-56-09.png
2019-10-01 13:01:09,7.90,2019-10-01_13-01-09.png
2019-10-01 13:06:09,7.87,2019-10-01_13-06-09.png
2019-10-01 13:11:09,7.85,2019-10-01_13-11-09.png
2019-10-01 13:16:09,7.82,2019-10-01_13-16-09.png
2019-10-01 13:21:09,7.79,2019-10-01_13-21-09.png
2019-10-01 13:26:09,7.21,2019-10-01_13-26-09.png
2019-10-01 13:31:08,7.18,2019-10-01_13-31-08.png
2019-10-01 13:36:08,7.15,2019-10-01_13-36-08.png
2019-10-01 13:41:08,7.13,2019-10-01_13-41-08.png
2019-10-01 13:46:08,7.10,2019-10-01_13-46-08.png
2019-10-01 13:51:08,7.07,2019-10-01_13-51-08.png
2019-10-01 13:56:08,7.05,2019-10-01_13-56-08.png
2019-10-01 14:01:08,7.02,2019-10-01_14-01-08.png
2019-10-01 14:06:08,7.00,2019-10-01_14-06-08.png
2019-10-01 14:11:08,6.97,2019-10-01_14-11-08.png
2019-10-01 14:16:08,6.41,2019-10-01_14-16-08.png
2019-10-01 14:21:08,6.39,2019-10-01_14-21-08.png
2019-10-01 14:26:08,6.36,2019-10-01_14-26-08.png
2019-10-01 14:31:08,6.33,2019-10-01_14-31-08.png
2019-10-01 14:36:08,6.31,2019-10-01_14-36-08.png
2019-10-01 14:41:08,6.28,2019-10-01_14-41-08.png
2019-10-01 14:46:08,6.25,2019-10-01_14-46-08.png
2019-10-01 14:51:08,6.23,2019-10-01_14-51-08.png
2019-10-01 14:56:08,6.20,2019-10-01_14-56-08.png
2019-10-01 15:01:08,6.17,2019-10-01_15-01-08.png
2019-10-01 15:06:08,6.15,2019-10-01_15-06-08.png
2019-10-01 15:11:08,6.12,2019-10-01_15-11-08.png
2019-10-01 15:16:08,5.57,2019-10-01_15-16-08.png
2019-10-01 15:21:08,5.54,2019-10-01_15-21-08.png
2019-10-01 15:26:08,5.52,2019-10-01_15-26-08.png
2019-10-01 15:31:08,5.49,2019-10-01_15-31-08.png
2019-10-01 15:36:08,5.46,2019-10-01_15-36-08.png
2019-10-01 15:41:08,5.44,2019-10-01_15-41-08.png
2019-10-01 15:46:08,5.41,2019-10-01_15-46-08.png
2019-10-01 15:51:08,5.38,2019-10-01_15-51-08.png
2019-10-01 15:56:08,5.36,2019-10-01_15-56-08.png
2019-10-01 16:01:08,5.33,2019-10-01_16-01-08.png
2019-10-01 16:06:08,5.30,2019-10-01_16-06-08.png
2019-10-01 16:11:08,5.28,2019-10-01_16-11-08.png
2019-10-01 16:16:08,5.25,2019-10-01_16-16-08.png
2019-10-01 16:21:08,5.23,2019-10-01_16-21-08.png
2019-10-01 16:26:08,5.20,2019-10-01_16-26-08.png
2019-10-01 16:31:08,5.18,2019-10-01_16-31-08.png
2019-10-01 16:36:08,5.15,2019-10-01_16-36-08.png
2019-10-01 16:41:08,4.58,2019-10-01_16-41-08.png
2019-10-01 16:46:08,4.55,2019-10-01_16-46-08.png
2019-10-01 16:51:08,4.52,2019-10-01_16-51-08.png
2019-10-01 16:56:08,4.49,2019-10-01_16-56-08.png
2019-10-01 17:01:08,4.47,2019-10-01_17-01-08.png
2019-10-01 17:06:08,4.44,2019-10-01_17-06-08.png
2019-10-01 17:11:08,3.90,2019-10-01_17-11-08.png
2019-10-01 17:16:08,3.87,2019-10-01_17-16-08.png
2019-10-01 17:21:08,3.85,2019-10-01_17-21-08.png
2019-10-01 17:26:08,3.82,2019-10-01_17-26-08.png
2019-10-01 17:31:08,3.79,2019-10-01_17-31-08.png
2019-10-01 17:36:08,3.76,2019-10-01_17-36-08.png
2019-10-01 17:41:08,3.73,2019-10-01_17-41-08.png
2019-10-01 17:46:08,3.70,2019-10-01_17-46-08.png
2019-10-01 17:51:08,3.67,2019-10-01_17-51-08.png
2019-10-01 17:56:08,3.64,2019-10-01_17-56-08.png
2019-10-01 18:01:08,3.61,2019-10-01_18-01-08.png
2019-10-01 18:06:08,3.58,2019-10-01_18-06-08.png
2019-10-01 18:11:08,3.56,2019-10-01_18-11-08.png
2019-10-01 18:16:08,3.53,2019-10-01_18-16-08.png
2019-10-01 18:21:08,3.50,2019-10-01_18-21-08.png
2019-10-01 18:26:08,3.47,2019-10-01_18-26-08.png
2019-10-01 18:31:09,2.87,2019-10-01_18-31-09.png
2019-10-01 18:36:09,2.84,2019-10-01_18-36-09.png
2019-10-01 18:41:09,2.81,2019-10-01_18-41-09.png
2019-10-01 18:46:08,2.78,2019-10-01_18-46-08.png
2019-10-01 18:51:09,2.75,2019-10-01_18-51-09.png
2019-10-01 18:56:09,2.72,2019-10-01_18-56-09.png
2019-10-01 19:01:08,2.69,2019-10-01_19-01-08.png
2019-10-01 19:06:08,2.66,2019-10-01_19-06-08.png
2019-10-01 19:11:08,2.63,2019-10-01_19-11-08.png
2019-10-01 19:16:08,2.60,2019-10-01_19-16-08.png
2019-10-01 19:21:08,2.57,2019-10-01_19-21-08.png
2019-10-01 19:26:08,2.54,2019-10-01_19-26-08.png
2019-10-01 19:31:08,2.52,2019-10-01_19-31-08.png
2019-10-01 19:36:08,1.91,2019-10-01_19-36-08.png
2019-10-01 19:41:08,1.87,2019-10-01_19-41-08.png
2019-10-01 19:46:08,1.84,2019-10-01_19-46-08.png
2019-10-01 19:51:08,1.81,2019-10-01_19-51-08.png
2019-10-01 19:56:08,1.78,2019-10-01_19-56-08.png
2019-10-01 20:01:08,1.75,2019-10-01_20-01-08.png
2019-10-01 20:06:08,1.72,2019-10-01_20-06-08.png
2019-10-01 20:11:08,1.69,2019-10-01_20-11-08.png
2019-10-01 20:16:09,1.66,2019-10-01_20-16-09.png
2019-10-01 20:21:08,1.63,2019-10-01_20-21-08.png
2019-10-01 20:26:08,1.60,2019-10-01_20-26-08.png
2019-10-01 20:31:08,1.57,2019-10-01_20-31-08.png
2019-10-01 20:36:08,1.54,2019-10-01_20-36-08.png
2019-10-01 20:41:08,1.51,2019-10-01_20-41-08.png
2019-10-01 20:46:08,0.89,2019-10-01_20-46-08.png
2019-10-01 20:51:08,0.86,2019-10-01_20-51-08.png
2019-10-01 20:56:08,0.83,2019-10-01_20-56-08.png
2019-10-01 21:01:08,0.80,2019-10-01_21-01-08.png
2019-10-01 21:06:08,0.77,2019-10-01_21-06-08.png
2019-10-01 21:11:08,0.75,2019-10-01_21-11-08.png
2019-10-01 21:16:08,0.72,2019-10-01_21-16-08.png
2019-10-01 21:21:08,0.69,2019-10-01_21-21-08.png
2019-10-01 21:26:08,0.06,2019-10-01_21-26-08.png
2019-10-01 21:31:08,0.03,2019-10-01_21-31-08.png
2019-10-01 21:36:08,0.00,2019-10-01_21-36-08.png
